host,'0-100,'100-500,'500-1000,'1000-2000,'2000-5000,'5000-10000,'10000-15000,'15000-20000,'>20000,total
host,'0-100,'100-200,'200-500, '500-1000,'1000-2000,'2000-5000,'5000-10000,'10000-20000,'>20000,trackCount,hits
172.20.174.113,0,0,0,0,0,0,0,464,4227,22275,4691,
,817917,3412,6429,882,738,184,129,1,21,21601,829713,
10.10.10.41:1337,276,0,1,2,0,2,14,23,1,20320,319,
biocomp.phibred.com,24,0,5,1,58,39,383,167,0,13765,677,
biocomplx.phibred.com,1220,0,1,0,5,3,23,6,0,13764,1258,
blue.usbod.astrazeneca.net,23,3,34,14,101,127,31,22,0,12543,355,
202.90.159.218,0,0,0,0,0,0,260,0,0,9283,260,
172.29.4.215:8080,21,0,0,0,0,0,701,0,0,9282,722,
oryzasnp.org,237,0,0,0,0,0,4330,0,0,9146,4567,
snp-seek.irri.org,241,0,0,0,0,0,2787,0,0,9146,3028,
rna.sysu.edu.cn,1480,0,25,62,5,167,1066,0,0,6161,2805,
geco.iplantcollaborative.org,208,3,2,0,678,1539,3,0,0,6108,2433,
genomevolution.org,10200,394,108,10,1222,80,5,0,0,5385,12019,
localhost:8081,1371,0,182,206,0,118,0,0,0,4764,1877,
10.171.5.38:8081,2,0,74,31,0,24,0,0,0,4764,131,
popfly.uab.cat,25,4,0,0,0,1668,0,0,0,4452,1697,
localhost:8888,3100,214,21,34,101,59,0,0,0,3650,3529,
cgm.sjtu.edu.cn,1,0,0,0,0,2112,0,0,0,3243,2113,
localhost,37021,145,271,11,453,315,0,0,0,3243,38216,
jjwanglab.org,121,0,0,0,0,9,0,0,0,3170,130,
www.rmbreeding.cn,0,0,0,0,0,557,0,0,0,3025,557,
neuroseq.janelia.org,0,0,0,43,78,56,0,0,0,2958,177,
ukapdlnx115.ukapd.astrazeneca.net,85,4,36,519,183,23,0,0,0,2922,850,
158.109.215.18,1,0,0,0,749,2009,0,0,0,2578,2759,
jbrowse,367,0,0,0,616,323,0,0,0,2276,1306,
192.168.118.225:8080,10,0,17,58,0,22,0,0,0,2199,107,
jbrowse.dobzhanskycenter.org,0,0,0,0,0,110,0,0,0,2180,110,
cr28603.uzbrussel.be:83,258,0,0,0,0,1,0,0,0,2064,259,
rgv.genouest.org,0,13,0,256,0,18,0,0,0,2034,287,
jbrowse.deenabio.com,78,0,0,0,64,24,0,0,0,2030,166,
hikakudb.nig.ac.jp,931,0,0,60,18,0,0,0,0,1988,1009,
aardwolf.bio.indiana.edu:7082,284,0,0,0,3,0,0,0,0,1870,287,
localhost:8080,24221,182,734,0,27,0,0,0,0,1870,25164,
snipadev.qatar-med.cornell.edu,401,0,0,0,3,0,0,0,0,1869,404,
jbrowse.org,30502,13,8,1,2136,0,0,0,0,1869,32660,
192.168.99.100:8080,385,0,0,0,4,0,0,0,0,1869,389,
10.10.155.175,102,0,0,0,1,0,0,0,0,1869,103,
192.168.25.105,472,0,0,0,1,0,0,0,0,1869,473,
192.168.56.102,2863,0,0,0,4,0,0,0,0,1869,2867,
myosotis,100,0,0,0,3,0,0,0,0,1869,103,
192.168.5.129,289,0,0,0,1,0,0,0,0,1869,290,
localhost:63342,1005,0,20,34,83,0,0,0,0,1869,1142,
bioinf.gen.tcd.ie,6888,648,5,0,12,0,0,0,0,1869,7553,
genedenovoweb.ticp.net:81,523,0,0,0,2,0,0,0,0,1869,525,
www.liub.cn,378,14,0,0,4,0,0,0,0,1869,396,
10.35.229.18,376,0,0,0,1,0,0,0,0,1869,377,
childslab.plantbiology.msu.edu,1057,0,0,0,5,0,0,0,0,1869,1062,
166.104.77.48,243,0,0,0,3,0,0,0,0,1869,246,
rbp.hgc.jp,464,0,0,0,1,0,0,0,0,1869,465,
www.yeastgenome.org,625,0,40232,0,79,0,0,0,0,1869,40936,
172.16.203.26,200,0,0,0,2,0,0,0,0,1869,202,
binkley.candidagenome.org,379,31,7,0,9,0,0,0,0,1869,426,
peach.fafu.edu.cn,353,0,0,0,2,0,0,0,0,1869,355,
172.22.15.26,350,0,0,0,1,0,0,0,0,1869,351,
10.112.31.15,115,0,0,0,4,0,0,0,0,1869,119,
192.168.1.119,99,0,0,0,3,0,0,0,0,1869,102,
192.168.1.168:8080,487,0,0,0,35,0,0,0,0,1869,522,
www.homd.org,2113,0,0,0,1,0,0,0,0,1869,2114,
127.0.0.1:8080,273,0,0,0,5,0,0,0,0,1869,278,
192.168.10.222,1939,0,0,0,1,0,0,0,0,1869,1940,
210.75.224.168:8080,716,0,0,0,9,0,0,0,0,1869,725,
10.234.10.116,143,0,0,0,1,0,0,0,0,1869,144,
127.0.0.1,3730,12,96,22,6,0,0,0,0,1869,3866,
cornut.org,179,0,0,0,1,0,0,0,0,1869,180,
ngsnd001.jpn-pharm.ad.local:8080,187,0,0,0,1,0,0,0,0,1869,188,
10.4.4.74,1200,3,262,0,4,0,0,0,0,1869,1469,
10.4.4.3,266,8,12,0,10,0,0,0,0,1869,296,
localhost:8000,1214,0,0,0,2,0,0,0,0,1869,1216,
192.168.0.21,152,0,0,0,1,0,0,0,0,1869,153,
sacibase.ibb.unesp.br,324,127,270,0,1,0,0,0,0,1869,722,
polebio.lrsv.ups-tlse.fr,108,0,0,0,1,0,0,0,0,1869,109,
142.3.188.121,776,0,0,0,1,0,0,0,0,1869,777,
163.26.2.35,357,0,0,0,2,0,0,0,0,1869,359,
localhost:8001,4942,0,0,0,2,0,0,0,0,1869,4944,
jbrowse.roche.com:8080,658,0,0,0,12,0,0,0,0,1869,670,
jbrowsebios.com,196,0,0,0,5,0,0,0,0,1869,201,
218.106.117.181:8714,344,0,0,0,1,0,0,0,0,1869,345,
10.0.7.66,128,0,0,0,1,0,0,0,0,1869,129,
visual.ic4r.org,437,129,1580,11530,12,0,0,0,0,1869,13688,
gmod2.sb-roscoff.fr,480,0,0,0,6,0,0,0,0,1869,486,
jbrowse.roche.com,421,0,0,0,7,0,0,0,0,1869,428,
210.218.217.106,1712,0,0,0,3,0,0,0,0,1869,1715,
srv00.recas.ba.infn.it,525,0,0,0,1,0,0,0,0,1869,526,
192.168.10.200,1035,0,0,0,1,0,0,0,0,1869,1036,
10.1.1.22,329,0,0,0,4,0,0,0,0,1869,333,
jbrowse-dev.yeastgenome.org,3,0,220,0,2,0,0,0,0,1869,225,
peach.igh.cnrs.fr,53,0,277,838,1,0,0,0,0,1869,1169,
10.93.132.25,1361,0,0,0,4,0,0,0,0,1869,1365,
nike.snu.ac.kr:7776,430,0,0,0,5,0,0,0,0,1869,435,
cerbero.ba.itb.cnr.it,189,0,0,0,1,0,0,0,0,1869,190,
128.233.222.29,108,0,0,0,1,0,0,0,0,1869,109,
www.yuyufei.cn,274,0,0,0,4,0,0,0,0,1869,278,
211.69.140.130,456,0,0,0,1,0,0,0,0,1869,457,
triticeaetoolbox.org,1358,0,0,0,3,0,0,0,0,1869,1361,
localhost:8087,515,0,0,0,1,0,0,0,0,1869,516,
202.116.90.9,166,14,0,0,5,0,0,0,0,1869,185,
localhost:9200,252,0,0,0,1,0,0,0,0,1869,253,
test-bioinfo,400,0,0,0,5,0,0,0,0,1869,405,
137.205.68.42,566,27,55,37,3,0,0,0,0,1869,688,
thines-lab.senckenberg.de,466,0,0,0,5,0,0,0,0,1869,471,
www.bioinfocabd.upo.es,1043,0,0,0,4,0,0,0,0,1869,1047,
localhost:9000,184,0,0,0,1,0,0,0,0,1869,185,
www.candidagenome.org,491,121,441,0,1,0,0,0,0,1869,1054,
gmod.ncgas.indiana.edu,457,0,0,0,1,0,0,0,0,1869,458,
137.189.43.231,477,0,0,0,2,0,0,0,0,1869,479,
192.168.56.5,300,0,0,0,1,0,0,0,0,1869,301,
genexpdb.okstate.edu,144,40,308,0,2,0,0,0,0,1869,494,
127.0.0.1:8000,9774,1,0,0,1,0,0,0,0,1869,9776,
119.15.169.70,195,0,0,0,22,0,0,0,0,1869,217,
rapsodyn-is.genouest.org,455,0,0,0,2,0,0,0,0,1869,457,
192.168.211.223,250,0,0,0,4,0,0,0,0,1869,254,
172.16.10.33:8888,301,0,0,0,2,0,0,0,0,1869,303,
111.198.139.96:17436,107,0,0,0,42,0,0,0,0,1869,149,
10.11.4.81,104,0,0,0,2,0,0,0,0,1869,106,
ceres.snu.ac.kr:9993,421,0,0,0,41,0,0,0,0,1869,462,
bioinfolab.miamioh.edu,1292,0,0,0,9,0,0,0,0,1869,1301,
192.168.1.101,525,12,7,0,1,0,0,0,0,1869,545,
192.168.20.200,447,0,0,0,1,0,0,0,0,1869,448,
10.71.115.70,1251,0,0,0,20,0,0,0,0,1869,1271,
jbrowse-poc.awsv.l.synthgeno.global,326,0,0,0,1,0,0,0,0,1869,327,
vbioimage-jbrowse.ibmp.unistra.fr,636,0,0,0,9,0,0,0,0,1869,645,
128.104.238.177,229,0,0,0,3,0,0,0,0,1869,232,
opathy.uv.es,124,0,0,0,3,0,0,0,0,1869,127,
besc-portal.ornl.gov,160,0,54,33,91,0,0,0,0,1342,338,
staging.wormbase.org,283,0,0,0,965,0,0,0,0,1329,1248,
www.wormbase.org,11974,0,11,365,9286,0,0,0,0,1329,21636,
dev.wormbase.org:9003,98,0,0,0,6,0,0,0,0,1321,104,
genome.integragen.com,758,116,51,6,1,0,0,0,0,1073,932,
jbrowse.hpcagrogenomics.wur.nl,247,1,1,141,56,0,0,0,0,1050,446,
52.7.73.148,0,0,0,614,0,0,0,0,0,961,614,
137.189.43.160:8080,780,446,268,196,0,0,0,0,0,830,1690,
ukapdlnx005.ukapd.astrazeneca.net,76,4,45,9,0,0,0,0,0,761,134,
152.7.99.249,163,69,18,31,0,0,0,0,0,735,281,
jbrowse.jhhlab.tw,463,146,322,927,0,0,0,0,0,726,1858,
piton.eb.local:8000,97,4,1,5,0,0,0,0,0,725,107,
137.189.43.55,1552,631,577,149,0,0,0,0,0,712,2909,
bovinegenome.org,17,0,306,1042,0,0,0,0,0,687,1365,
137.205.123.127,661,96,98,9,0,0,0,0,0,638,864,
genomes.missouri.edu:8080,639,58,51,170,0,0,0,0,0,601,918,
hymenopteragenome.org,2366,2,184,10,0,0,0,0,0,593,2562,
jbrowse.intranet.dow.com,959,226,198,263,0,0,0,0,0,590,1646,
epigenome.genetics.uga.edu,3345,805,724,273,0,0,0,0,0,568,5147,
10.0.0.20,475,161,1747,1341,0,0,0,0,0,557,3724,
gbcs-dev.embl.de,40,0,2395,24,0,0,0,0,0,550,2459,
sjcbioweb01.driscolls.com,278,0,1441,39,0,0,0,0,0,530,1758,
10.0.0.48,1622,10,239,121,0,0,0,0,0,525,1992,
10.0.0.29,61,0,107,8,0,0,0,0,0,525,176,
genomes.missouri.edu,88,0,0,92,0,0,0,0,0,524,180,
gbcs-dev,20,0,7,1079,0,0,0,0,0,521,1106,
chambo.umd.edu,8,30,0,99,0,0,0,0,0,511,137,
sanger.kws.de,1101,18,410,0,0,0,0,0,0,484,1529,
furlonglab.embl.de,139,0,779,0,0,0,0,0,0,469,918,
gwas-browser.nygenome.org,0,0,232,0,0,0,0,0,0,467,232,
hymenopteragenome.org:8080,517,0,12,0,0,0,0,0,0,450,529,
10.113.72.170,55,0,107,0,0,0,0,0,0,424,162,
wolferine.ucd.ie,1052,180,278,0,0,0,0,0,0,410,1510,
mirlab.sysu.edu.cn,342,71,706,0,0,0,0,0,0,393,1119,
servbio.hpc.ncsu.edu:81,332,256,208,0,0,0,0,0,0,386,796,
webapollo2.vectorbase.org,2926,6,317,0,0,0,0,0,0,364,3249,
solgenomics.wur.nl,5327,0,23,0,0,0,0,0,0,363,5350,
solgenomics.net,171111,0,1505,0,0,0,0,0,0,363,172616,
www.sgn.cornell.edu,3312,0,16,0,0,0,0,0,0,363,3328,
www.solgenomics.net,4735,0,9,0,0,0,0,0,0,363,4744,
solgenomics.org,184,0,15,0,0,0,0,0,0,363,199,
sgn.cornell.edu,1182,0,4,0,0,0,0,0,0,363,1186,
jbrowse-test.sgn.cornell.edu,830,344,37,0,0,0,0,0,0,362,1211,
sgn-test.sgn.cornell.edu,207,0,2,0,0,0,0,0,0,362,209,
caesar.dna.affrc.go.jp,15,48,53,0,0,0,0,0,0,341,116,
matsui-lab.riken.jp,783,20,337,0,0,0,0,0,0,322,1140,
biocenter.sysu.edu.cn,117,0,182,0,0,0,0,0,0,321,299,
www.tongjidmb.com,0,0,390,0,0,0,0,0,0,317,390,
14.139.59.221,65,38,9,0,0,0,0,0,0,311,112,
hicp.big.ac.cn,903,151,1016,0,0,0,0,0,0,306,2070,
124.16.129.16:9612,0,0,334,0,0,0,0,0,0,305,334,
jbrowse.cgb.indiana.edu,264,133,39,0,0,0,0,0,0,303,436,
141.244.134.147,0,0,302,0,0,0,0,0,0,291,302,
cho-epigenome.boku.ac.at,0,0,626,0,0,0,0,0,0,276,626,
genomes.stowers.org,341,31,39,0,0,0,0,0,0,263,411,
210.46.85.201:8080,2,0,195,0,0,0,0,0,0,261,197,
www.bio-bigdata.net,100,0,11,0,0,0,0,0,0,261,111,
lipm-browsers.toulouse.inra.fr,438,20,34,0,0,0,0,0,0,261,492,
titin.ucd.ie,733,287,130,0,0,0,0,0,0,259,1150,
sysbio.sysu.edu.cn,266,165,1760,0,0,0,0,0,0,255,2191,
10.145.28.203,105,0,53,0,0,0,0,0,0,253,158,
mmb.irbbarcelona.org,1381,635,22,0,0,0,0,0,0,252,2038,
bmi.xmu.edu.cn,1683,230,57,0,0,0,0,0,0,252,1970,
mmb.pcb.ub.es,97,16,1,0,0,0,0,0,0,248,114,
brecandb.igib.res.in,0,0,338,0,0,0,0,0,0,245,338,
www.picb.ac.cn,610,472,28,0,0,0,0,0,0,240,1110,
yeastgenome.org,18,0,1291,0,0,0,0,0,0,235,1309,
donald,143,280,340,0,0,0,0,0,0,227,763,
genomics.usal.es,560,27,95,0,0,0,0,0,0,227,682,
jbrowse.molgenrug.nl,210,0,43,0,0,0,0,0,0,226,253,
jbrowse.lisanwanglab.org,103,110,31,0,0,0,0,0,0,223,244,
pathos:8080,457,653,28,0,0,0,0,0,0,218,1138,
genomes.stowers.org:8080,750,20,8,0,0,0,0,0,0,213,778,
homestead.faire-dash,68,9,64,0,0,0,0,0,0,210,141,
simrbase.sgc.loc,701,201,64,0,0,0,0,0,0,209,966,
10.0.53.135,294,54,26,0,0,0,0,0,0,207,374,
10.200.150.118,23,211,20,0,0,0,0,0,0,205,254,
hts-etl-01,150,11,6,0,0,0,0,0,0,202,167,
webapollo-pre.vectorbase.org,317,0,35,0,0,0,0,0,0,202,352,
simrbasedev.sgc.loc,93,91,17,0,0,0,0,0,0,201,201,
134.121.247.55,212,76,0,0,0,0,0,0,0,196,288,
bioinformatics.caf.ac.cn,357,124,0,0,0,0,0,0,0,196,481,
rgd.mcw.edu,16081,50414,0,0,0,0,0,0,0,195,66495,
www.rgd.mcw.edu,500,509,0,0,0,0,0,0,0,195,1009,
pipelines.rgd.mcw.edu,2655,4424,0,0,0,0,0,0,0,195,7079,
lulab.life.tsinghua.edu.cn,467,1773,0,0,0,0,0,0,0,193,2240,
x-staging.platomics.com,59,85,0,0,0,0,0,0,0,189,144,
dev.jbrowse.southgreen.fr,1920,32,0,0,0,0,0,0,0,188,1952,
dev.rgd.mcw.edu,132,366,0,0,0,0,0,0,0,187,498,
kyle.rgd.mcw.edu,284,124,0,0,0,0,0,0,0,187,408,
172.25.69.30,132,164,0,0,0,0,0,0,0,176,296,
10.42.0.1:8050,507,19,0,0,0,0,0,0,0,172,526,
10.42.0.5:8080,803,14,0,0,0,0,0,0,0,172,817,
bioinformatics.forsyth.org,974,1,0,0,0,0,0,0,0,170,975,
salmonella.wadsworth.org,0,314,0,0,0,0,0,0,0,163,314,
jbrowse.southgreen.fr,5369,7,0,0,0,0,0,0,0,161,5376,
jbrowse.brachypodium.org,0,311,0,0,0,0,0,0,0,160,311,
www.cgr.liv.ac.uk,0,143,0,0,0,0,0,0,0,154,143,
cgr.liv.ac.uk,297,5,0,0,0,0,0,0,0,154,302,
mothra.ornl.gov,58,57,0,0,0,0,0,0,0,148,115,
10.207.146.10,80,183,0,0,0,0,0,0,0,146,263,
52.18.1.94:9050,169,13,0,0,0,0,0,0,0,138,182,
210.46.85.200,0,108,0,0,0,0,0,0,0,136,108,
lint78.pythonanywhere.com,189,46,0,0,0,0,0,0,0,134,235,
192.168.34.39,140,108,0,0,0,0,0,0,0,134,248,
www.tomatogenome.net,26,1534,0,0,0,0,0,0,0,133,1560,
bioinfo.imtech.res.in,297,32,0,0,0,0,0,0,0,128,329,
ibs-bosiljkat-ux1:8787,93,193,0,0,0,0,0,0,0,128,286,
ngs.molgenrug.nl,431,47,0,0,0,0,0,0,0,128,478,
prime-seq.ohsu.edu,851,7,0,0,0,0,0,0,0,127,858,
crrd.mcw.edu,489,54,0,0,0,0,0,0,0,126,543,
rest.rgd.mcw.edu,319,91,0,0,0,0,0,0,0,126,410,
annotation-prod.scilifelab.se:8080,5293,70,0,0,0,0,0,0,0,124,5363,
pipelines.crrd.mcw.edu,123,5,0,0,0,0,0,0,0,123,128,
epigen-zhong.discovery.wisc.edu,800,239,0,0,0,0,0,0,0,122,1039,
210.72.92.144,166,21,0,0,0,0,0,0,0,120,187,
daudin.icmb.utexas.edu,60,170,0,0,0,0,0,0,0,118,230,
cmb.bnu.edu.cn:8088,262,51,0,0,0,0,0,0,0,118,313,
apollo.tgac.ac.uk,2581,307,0,0,0,0,0,0,0,117,2888,
aestivum.accwi.org.au:8080,2663,173,0,0,0,0,0,0,0,114,2836,
arete,2175,25,0,0,0,0,0,0,0,113,2200,
donking.synpromics.com,1326,26,0,0,0,0,0,0,0,113,1352,
tomatolab.cshl.edu,427,23,0,0,0,0,0,0,0,113,450,
192.168.1.201,107,73,0,0,0,0,0,0,0,113,180,
gif-server.biotech.iastate.edu,118,32,0,0,0,0,0,0,0,112,150,
jbrowse-nrgene-server,101,57,0,0,0,0,0,0,0,112,158,
inb.bsc.es,391,38,0,0,0,0,0,0,0,111,429,
cluster-dev.florimond-desprez.fr,11,110,0,0,0,0,0,0,0,108,121,
cluster.florimond-desprez.fr,56,248,0,0,0,0,0,0,0,107,304,
genome.igib.res.in,1112,77,0,0,0,0,0,0,0,105,1189,
www.hardwoodgenomics.org,223,205,0,0,0,0,0,0,0,104,428,
hinton-jbrowse.s3-website-eu-west-1.amazonaws.com,48,54,0,0,0,0,0,0,0,101,102,
bioinfo.deinfo.uepg.br,134,0,0,0,0,0,0,0,0,98,134,
glass.phibred.com:8081,4156,0,0,0,0,0,0,0,0,96,4156,
dev.niagads.org,1052,0,0,0,0,0,0,0,0,95,1052,
u031331.science.uva.nl,741,0,0,0,0,0,0,0,0,95,741,
www.niagads.org,3930,0,0,0,0,0,0,0,0,95,3930,
cicarvardb.icrisat.org,153,0,0,0,0,0,0,0,0,94,153,
myers.bioinformatics.nl,899,0,0,0,0,0,0,0,0,94,899,
songyanglab.sysu.edu.cn,705,0,0,0,0,0,0,0,0,92,705,
phytozome-dev.jgi.doe.gov,1067,0,0,0,0,0,0,0,0,91,1067,
mmodev.sb-roscoff.fr,876,0,0,0,0,0,0,0,0,90,876,
www.bioinformatics.nl,1152,0,0,0,0,0,0,0,0,90,1152,
nobel.gedv.pasteur.fr,711,0,0,0,0,0,0,0,0,90,711,
hpclife.th-wildau.de,127,0,0,0,0,0,0,0,0,89,127,
147.99.255.142,170,0,0,0,0,0,0,0,0,89,170,
phytozome.jgi.doe.gov,45636,0,0,0,0,0,0,0,0,89,45636,
10.0.0.15,130,0,0,0,0,0,0,0,0,85,130,
192.168.7.11,934,0,0,0,0,0,0,0,0,85,934,
bbric-pipelines.toulouse.inra.fr,2409,0,0,0,0,0,0,0,0,84,2409,
gbr3,767,0,0,0,0,0,0,0,0,83,767,
www.ab.wur.nl,136,0,0,0,0,0,0,0,0,83,136,
sweetpotato-dev.plantbiology.msu.edu,112,0,0,0,0,0,0,0,0,82,112,
sweetpotato.plantbiology.msu.edu,1323,0,0,0,0,0,0,0,0,82,1323,
124.17.27.143,666,0,0,0,0,0,0,0,0,82,666,
10.122.114.30,334,0,0,0,0,0,0,0,0,82,334,
ibeetle-base.uni-goettingen.de,125,0,0,0,0,0,0,0,0,79,125,
apollo-dev.nal.usda.gov,734,0,0,0,0,0,0,0,0,79,734,
chlorella.unl.edu,154,0,0,0,0,0,0,0,0,78,154,
code4dna.com,161,0,0,0,0,0,0,0,0,77,161,
ceres.snu.ac.kr:9991,326,0,0,0,0,0,0,0,0,76,326,
10.0.0.193:8080,144,0,0,0,0,0,0,0,0,74,144,
cas-ie2-apollo.uoregon.edu,564,0,0,0,0,0,0,0,0,74,564,
localhost:8085,608,0,0,0,0,0,0,0,0,74,608,
133.48.62.140,562,0,0,0,0,0,0,0,0,73,562,
ziggy.dbi.udel.edu,789,0,0,0,0,0,0,0,0,73,789,
browser.porteco.org,134,0,0,0,0,0,0,0,0,72,134,
hanusch-staging.platomics.com:10005,343,0,0,0,0,0,0,0,0,72,343,
apollo-dev.nal.usda.gov:8080,107,0,0,0,0,0,0,0,0,71,107,
dev.novocraft.com,638,0,0,0,0,0,0,0,0,71,638,
140.113.29.227:49998,164,0,0,0,0,0,0,0,0,71,164,
103.18.1.187,305,0,0,0,0,0,0,0,0,70,305,
jbrowse.intermine.org,3772,0,0,0,0,0,0,0,0,70,3772,
gb.csdb.cn,116,0,0,0,0,0,0,0,0,68,116,
134.245.63.238:8080,894,0,0,0,0,0,0,0,0,68,894,
172.24.4.39,116,0,0,0,0,0,0,0,0,68,116,
91.134.141.45,110,0,0,0,0,0,0,0,0,68,110,
localhost:5801,129,0,0,0,0,0,0,0,0,67,129,
lis-dev.agron.iastate.edu,273,0,0,0,0,0,0,0,0,67,273,
hpoly.nematodegenomes.org,314,0,0,0,0,0,0,0,0,67,314,
cr28603.uzbrussel.be,1525,0,0,0,0,0,0,0,0,67,1525,
fabienpichon.com,738,0,0,0,0,0,0,0,0,66,738,
vbsg-ngyll2.vbsg.slu.se,102,0,0,0,0,0,0,0,0,66,102,
172.24.4.35,467,0,0,0,0,0,0,0,0,66,467,
150.254.122.197,231,0,0,0,0,0,0,0,0,66,231,
data.koalagenome.org,1174,0,0,0,0,0,0,0,0,65,1174,
bmi.xmu.edu.cn:8000,612,0,0,0,0,0,0,0,0,65,612,
10.0.0.253,549,0,0,0,0,0,0,0,0,65,549,
jbrowsephoenix.abudhabi.nyu.edu,214,0,0,0,0,0,0,0,0,64,214,
www.heliagene.org,6090,0,0,0,0,0,0,0,0,64,6090,
csbl.bmb.uga.edu,12747,0,0,0,0,0,0,0,0,63,12747,
srv-rz-vm-1.ethz.ch,218,0,0,0,0,0,0,0,0,63,218,
test.parasite.wormbase.org,163,0,0,0,0,0,0,0,0,63,163,
localhost:8082,151,0,0,0,0,0,0,0,0,60,151,
mandolin.caltech.edu,181,0,0,0,0,0,0,0,0,59,181,
ivis-dev:8000,364,0,0,0,0,0,0,0,0,59,364,
ivis-dev:8010,199,0,0,0,0,0,0,0,0,59,199,
ivis-dev.corp.personalis.com:8081,128,0,0,0,0,0,0,0,0,59,128,
sysbio.informatics.iupui.edu,210,0,0,0,0,0,0,0,0,58,210,
old-gep.wustl.edu,909,0,0,0,0,0,0,0,0,58,909,
maizeinflorescence.org,440,0,0,0,0,0,0,0,0,58,440,
icebox.lbl.gov,4868,0,0,0,0,0,0,0,0,58,4868,
124.17.27.214,119,0,0,0,0,0,0,0,0,58,119,
transgenicmutationmodels.badrodent.com,226,0,0,0,0,0,0,0,0,58,226,
i.animalgenome.org,836,0,0,0,0,0,0,0,0,57,836,
marchantia.info,4464,0,0,0,0,0,0,0,0,57,4464,
lis-stage.agron.iastate.edu,1268,0,0,0,0,0,0,0,0,57,1268,
legumeinfo.org,4156,0,0,0,0,0,0,0,0,57,4156,
localhost:5802,185,0,0,0,0,0,0,0,0,57,185,
localhost:5800,370,0,0,0,0,0,0,0,0,57,370,
localhost:8889,100,0,0,0,0,0,0,0,0,57,100,
141.244.40.114,1803,0,0,0,0,0,0,0,0,56,1803,
pichiagenome-ext.boku.ac.at,835,0,0,0,0,0,0,0,0,56,835,
cap.ensemblgenomes.org,2636,0,0,0,0,0,0,0,0,56,2636,
webapollo.lepbase.org,183,0,0,0,0,0,0,0,0,56,183,
proteogenomics.zhang-lab.org,105,0,0,0,0,0,0,0,0,56,105,
10.114.143.20,506,0,0,0,0,0,0,0,0,56,506,
denovo.cnag.cat,3367,0,0,0,0,0,0,0,0,55,3367,
www.cassavagenome.org,706,0,0,0,0,0,0,0,0,55,706,
jbrowse.informatics.jax.org,13764,0,0,0,0,0,0,0,0,54,13764,
togodb.kazusa.or.jp,309,0,0,0,0,0,0,0,0,54,309,
pgdbj.jp,188,0,0,0,0,0,0,0,0,54,188,
52.36.33.8:8443,116,0,0,0,0,0,0,0,0,53,116,
192.168.1.203,233,0,0,0,0,0,0,0,0,53,233,
www.flyrnai.org,7148,0,0,0,0,0,0,0,0,52,7148,
tgenomebrowser,278,0,0,0,0,0,0,0,0,52,278,
genome.brain-map.org,221,0,0,0,0,0,0,0,0,52,221,
portal.vartotal.net,214,0,0,0,0,0,0,0,0,52,214,
bipaa.genouest.org,9203,0,0,0,0,0,0,0,0,52,9203,
weatherby.genetics.utah.edu:8080,330,0,0,0,0,0,0,0,0,52,330,
symmacmini.local:8080,692,0,0,0,0,0,0,0,0,52,692,
dev.www.flyrnai.org,118,0,0,0,0,0,0,0,0,52,118,
genome.monarchinitiative.org,131,0,0,0,0,0,0,0,0,52,131,
133.48.58.6:8080,544,0,0,0,0,0,0,0,0,52,544,
www.syntheticyeastresource.com,256,0,0,0,0,0,0,0,0,51,256,
165.91.108.136,123,0,0,0,0,0,0,0,0,51,123,
dv-node-02.age.mpg.de:8080,225,0,0,0,0,0,0,0,0,50,225,
cmdcolin.github.io,330,0,0,0,0,0,0,0,0,50,330,
jbrowsevar.renlab.org,707,0,0,0,0,0,0,0,0,50,707,
dash,3899,0,0,0,0,0,0,0,0,50,3899,
nioo0025.nioo.int,113,0,0,0,0,0,0,0,0,49,113,
155.253.6.64,1446,0,0,0,0,0,0,0,0,49,1446,
ced.medisapiens.com,626,0,0,0,0,0,0,0,0,49,626,
bioinf.mind.meiji.ac.jp,4407,0,0,0,0,0,0,0,0,49,4407,
localhost:1234,307,0,0,0,0,0,0,0,0,49,307,
www.scnbase.org,220,0,0,0,0,0,0,0,0,49,220,
www.echinobase.org,21426,0,0,0,0,0,0,0,0,48,21426,
maizegametophyte.org,534,0,0,0,0,0,0,0,0,48,534,
192.168.56.10:7082,391,0,0,0,0,0,0,0,0,48,391,
sefapps02.qut.edu.au,604,0,0,0,0,0,0,0,0,48,604,
genseq-h0.science.uva.nl,111,0,0,0,0,0,0,0,0,48,111,
133.26.84.46,2668,0,0,0,0,0,0,0,0,48,2668,
jbrowse.plantdhs.org,3344,0,0,0,0,0,0,0,0,47,3344,
www.sunflowergenome.org,264,0,0,0,0,0,0,0,0,47,264,
sunflowergenome.org,1456,0,0,0,0,0,0,0,0,47,1456,
localhost:1337,274,0,0,0,0,0,0,0,0,47,274,
jbrowsedev.com:1337,677,0,0,0,0,0,0,0,0,47,677,
axtell-web.science.psu.edu,306,0,0,0,0,0,0,0,0,46,306,
10.10.56.31:8080,261,0,0,0,0,0,0,0,0,45,261,
147.99.108.97,1443,0,0,0,0,0,0,0,0,45,1443,
intermine.ncgr.org,322,0,0,0,0,0,0,0,0,44,322,
coffee-genome.org,244,0,0,0,0,0,0,0,0,43,244,
orca2.tamu.edu,206,0,0,0,0,0,0,0,0,43,206,
asrp.danforthcenter.org,749,0,0,0,0,0,0,0,0,43,749,
mines.legumeinfo.org,878,0,0,0,0,0,0,0,0,43,878,
hank.bio.ed.ac.uk,222,0,0,0,0,0,0,0,0,43,222,
hentze2.embl.de,192,0,0,0,0,0,0,0,0,43,192,
10.34.229.30,481,0,0,0,0,0,0,0,0,42,481,
betula.biosci.helsinki.fi:8080,1287,0,0,0,0,0,0,0,0,42,1287,
180.208.58.19,2048,0,0,0,0,0,0,0,0,42,2048,
192.168.1.101:8080,218,0,0,0,0,0,0,0,0,42,218,
silkbase.ab.a.u-tokyo.ac.jp,439,0,0,0,0,0,0,0,0,42,439,
gph.niid.go.jp,2572,0,0,0,0,0,0,0,0,42,2572,
medicago.jcvi.org,19929,0,0,0,0,0,0,0,0,41,19929,
birdbeta.isisph.com,346,0,0,0,0,0,0,0,0,41,346,
adenine.bradley.edu,19590,0,0,0,0,0,0,0,0,40,19590,
localhost:9090,102,0,0,0,0,0,0,0,0,40,102,
apollo.bioinformatics.itb.cnr.it:8080,126,0,0,0,0,0,0,0,0,39,126,
www.interomics.eu,277,0,0,0,0,0,0,0,0,39,277,
irhs-001,650,0,0,0,0,0,0,0,0,39,650,
147.99.112.52,473,0,0,0,0,0,0,0,0,39,473,
petunia-webapollo.sgn.cornell.edu,341,0,0,0,0,0,0,0,0,38,341,
hazelnut.blast.mocklerlab.org,110,0,0,0,0,0,0,0,0,38,110,
jcdb.xtbg.ac.cn,118,0,0,0,0,0,0,0,0,38,118,
lithium.kaust.edu.sa,356,0,0,0,0,0,0,0,0,38,356,
192.168.100.65,145,0,0,0,0,0,0,0,0,38,145,
210.72.92.108,166,0,0,0,0,0,0,0,0,38,166,
www.xenmine.org,107,0,0,0,0,0,0,0,0,37,107,
192.168.1.103:8080,113,0,0,0,0,0,0,0,0,37,113,
lbb.cnpae.embrapa.br,174,0,0,0,0,0,0,0,0,37,174,
210.34.81.56,303,0,0,0,0,0,0,0,0,37,303,
amborella.uga.edu,132,0,0,0,0,0,0,0,0,36,132,
10.88.33.44:8443,572,0,0,0,0,0,0,0,0,36,572,
192.168.2.79,177,0,0,0,0,0,0,0,0,36,177,
www.pristionchus.org,1916,0,0,0,0,0,0,0,0,36,1916,
dubcovskylab.ucdavis.edu,7194,0,0,0,0,0,0,0,0,35,7194,
iomics.interpretomics.co,114,0,0,0,0,0,0,0,0,35,114,
jbrowse.ncgas.indiana.edu,223,0,0,0,0,0,0,0,0,35,223,
als2077-unix1.science.oregonstate.edu,868,0,0,0,0,0,0,0,0,35,868,
133.28.110.100:8099,108,0,0,0,0,0,0,0,0,35,108,
asparagus.uga.edu,514,0,0,0,0,0,0,0,0,34,514,
202.127.22.67,362,0,0,0,0,0,0,0,0,34,362,
129.130.90.211,240,0,0,0,0,0,0,0,0,34,240,
lfz043.ust.hk,214,0,0,0,0,0,0,0,0,34,214,
aklppr31.pfr.co.nz.:9080,4190,0,0,0,0,0,0,0,0,34,4190,
pegasus-bioinfo.angers-nantes.inra.fr,915,0,0,0,0,0,0,0,0,34,915,
132.66.114.84,309,0,0,0,0,0,0,0,0,34,309,
141.244.133.122,409,0,0,0,0,0,0,0,0,33,409,
vert.fri.uni-lj.si,114,0,0,0,0,0,0,0,0,33,114,
biopvm201.pfr.co.nz:9080,1490,0,0,0,0,0,0,0,0,33,1490,
118.159.189.228,217,0,0,0,0,0,0,0,0,33,217,
193.166.24.75,129,0,0,0,0,0,0,0,0,33,129,
133.26.84.80,107,0,0,0,0,0,0,0,0,32,107,
ws.g-language.org,278,0,0,0,0,0,0,0,0,32,278,
cpt.tamu.edu,2573,0,0,0,0,0,0,0,0,32,2573,
bioinfo.tsinghua.edu.cn,551,0,0,0,0,0,0,0,0,32,551,
134.192.156.202:8080,356,0,0,0,0,0,0,0,0,32,356,
gensas.bioinfo.wsu.edu:8080,136,0,0,0,0,0,0,0,0,31,136,
marmorkrebs.dkfz.de,772,0,0,0,0,0,0,0,0,31,772,
p00201:8443,168,0,0,0,0,0,0,0,0,31,168,
p00201.genebay.co.jp:8443,118,0,0,0,0,0,0,0,0,31,118,
10.10.85.105,237,0,0,0,0,0,0,0,0,31,237,
iris.angers.inra.fr,119,0,0,0,0,0,0,0,0,31,119,
aspgd.broadinstitute.org,2203,0,0,0,0,0,0,0,0,30,2203,
192.168.50.14:1338,1046,0,0,0,0,0,0,0,0,30,1046,
coffee-webapollo.sgn.cornell.edu,2721,0,0,0,0,0,0,0,0,30,2721,
www.genome.med.kyoto-u.ac.jp,8324,0,0,0,0,0,0,0,0,29,8324,
jcvi.org,458,0,0,0,0,0,0,0,0,29,458,
mockler-jbrowse.mocklerlab.org,1674,0,0,0,0,0,0,0,0,29,1674,
www.jcvi.org,1273,0,0,0,0,0,0,0,0,29,1273,
crdd.osdd.net,161,0,0,0,0,0,0,0,0,29,161,
eco-blast1:8080,123,0,0,0,0,0,0,0,0,29,123,
linux23.iah.ac.uk,157,0,0,0,0,0,0,0,0,29,157,
gensas.bioinfo.wsu.edu,343,0,0,0,0,0,0,0,0,29,343,
52.34.131.67,266,0,0,0,0,0,0,0,0,29,266,
www.hgvd.genome.med.kyoto-u.ac.jp,3272,0,0,0,0,0,0,0,0,29,3272,
apollo02:8080,200,0,0,0,0,0,0,0,0,29,200,
nod6,129,0,0,0,0,0,0,0,0,29,129,
158.108.145.118,143,0,0,0,0,0,0,0,0,29,143,
172.20.20.236:8080,106,0,0,0,0,0,0,0,0,29,106,
ion.ctegd.uga.edu,126,0,0,0,0,0,0,0,0,28,126,
216.47.151.240:8080,3917,0,0,0,0,0,0,0,0,28,3917,
dictybase.org,327,0,0,0,0,0,0,0,0,28,327,
localhost:3000,1020,0,0,0,0,0,0,0,0,28,1020,
192.168.0.7,199,0,0,0,0,0,0,0,0,28,199,
192.168.1.9,241,0,0,0,0,0,0,0,0,28,241,
127.0.0.1:3000,130,0,0,0,0,0,0,0,0,28,130,
172.20.20.16:2227,104,0,0,0,0,0,0,0,0,28,104,
genomes.bioinf.nioo.knaw.nl,215,0,0,0,0,0,0,0,0,28,215,
genome-browser.indiana.edu,219,0,0,0,0,0,0,0,0,28,219,
bicresources.jcbose.ac.in,391,0,0,0,0,0,0,0,0,27,391,
spruce.plantphys.umu.se:8105,169,0,0,0,0,0,0,0,0,27,169,
jbrowse.big.ac.cn,211,0,0,0,0,0,0,0,0,27,211,
192.168.80.21,273,0,0,0,0,0,0,0,0,27,273,
172.28.1.172:1339,878,0,0,0,0,0,0,0,0,27,878,
marinegenomics.oist.jp,4958,0,0,0,0,0,0,0,0,27,4958,
www.gensas.org:8080,200,0,0,0,0,0,0,0,0,27,200,
geisha.arizona.edu,14436,0,0,0,0,0,0,0,0,26,14436,
bigyo.btc,761,0,0,0,0,0,0,0,0,26,761,
192.168.1.230:8081,252,0,0,0,0,0,0,0,0,26,252,
rcshige3.nig.ac.jp,1269,0,0,0,0,0,0,0,0,26,1269,
ec2-52-34-166-222.us-west-2.compute.amazonaws.com,203,0,0,0,0,0,0,0,0,26,203,
ism.ucsd.edu,350,0,0,0,0,0,0,0,0,26,350,
192.168.87.125,108,0,0,0,0,0,0,0,0,26,108,
rio.nzcorp.net,1863,0,0,0,0,0,0,0,0,26,1863,
172.16.202.2,241,0,0,0,0,0,0,0,0,26,241,
153.150.121.50,152,0,0,0,0,0,0,0,0,26,152,
192.168.0.24,113,0,0,0,0,0,0,0,0,26,113,
10.47.117.93,166,0,0,0,0,0,0,0,0,26,166,
134.192.156.78:8080,101,0,0,0,0,0,0,0,0,26,101,
localhost:8002,159,0,0,0,0,0,0,0,0,26,159,
140.110.17.14,525,0,0,0,0,0,0,0,0,26,525,
emboss.abc.hu,215,0,0,0,0,0,0,0,0,26,215,
cmb.bnu.edu.cn:8084,123,0,0,0,0,0,0,0,0,26,123,
bugbears.ncbs.res.in,132,0,0,0,0,0,0,0,0,26,132,
10.11.16.29,297,0,0,0,0,0,0,0,0,26,297,
0.0.0.0:1337,214,0,0,0,0,0,0,0,0,26,214,
pm.sysu.edu.cn,1088,0,0,0,0,0,0,0,0,26,1088,
localhost:83,289,0,0,0,0,0,0,0,0,26,289,
bronco.swmed.edu,152,0,0,0,0,0,0,0,0,26,152,
analysis.archerdx.com,10139,0,0,0,0,0,0,0,0,26,10139,
133.6.126.90,242,0,0,0,0,0,0,0,0,26,242,
185.45.23.197:5080,189,0,0,0,0,0,0,0,0,26,189,
192.168.0.100,153,0,0,0,0,0,0,0,0,26,153,
222.200.187.174,289,0,0,0,0,0,0,0,0,26,289,
ec2-54-201-126-170.us-west-2.compute.amazonaws.com,254,0,0,0,0,0,0,0,0,26,254,
localhost:81,177,0,0,0,0,0,0,0,0,26,177,
genome.microbedb.jp,13062,0,0,0,0,0,0,0,0,26,13062,
jbrowse-test-1,124,0,0,0,0,0,0,0,0,26,124,
210.72.156.24,103,0,0,0,0,0,0,0,0,26,103,
analysis.unlimited.enz.local,384,0,0,0,0,0,0,0,0,26,384,
crispr.technology,1810,0,0,0,0,0,0,0,0,26,1810,
panflam.korea.ac.kr,248,0,0,0,0,0,0,0,0,26,248,
202.195.250.106:8080,110,0,0,0,0,0,0,0,0,26,110,
192.168.56.101,1721,0,0,0,0,0,0,0,0,26,1721,
bio-dev-jbrowse-01.dev.rd.rijkzwaan.net,532,0,0,0,0,0,0,0,0,26,532,
chogenome.am.lilly.com,138,0,0,0,0,0,0,0,0,26,138,
127.0.0.1:5000,160,0,0,0,0,0,0,0,0,26,160,
genomics.fcav.unesp.br,102,0,0,0,0,0,0,0,0,26,102,
141.40.254.27:8080,148,0,0,0,0,0,0,0,0,26,148,
ssf-aqg-wsk03,285,0,0,0,0,0,0,0,0,26,285,
bioinfor.org,2186,0,0,0,0,0,0,0,0,26,2186,
jbrowse.ag.epa.gov,243,0,0,0,0,0,0,0,0,26,243,
192.168.14.85,231,0,0,0,0,0,0,0,0,26,231,
shoofly.bdgp.berkeley.edu,556,0,0,0,0,0,0,0,0,26,556,
spore.ibb.waw.pl,159,0,0,0,0,0,0,0,0,26,159,
clogmia.test.crg.eu,218,0,0,0,0,0,0,0,0,26,218,
sbsngsserver.biochem.uci.edu,113,0,0,0,0,0,0,0,0,26,113,
stiberhad.asuscomm.com,725,0,0,0,0,0,0,0,0,26,725,
lotus.au.dk,4389,0,0,0,0,0,0,0,0,26,4389,
nina,217,0,0,0,0,0,0,0,0,26,217,
bioext02.eva.mpg.de,117,0,0,0,0,0,0,0,0,26,117,
sunlab.cau.edu.cn,327,0,0,0,0,0,0,0,0,26,327,
172.20.20.240,219,0,0,0,0,0,0,0,0,26,219,
localhost:8090,4127,0,0,0,0,0,0,0,0,26,4127,
172.17.0.2,312,0,0,0,0,0,0,0,0,26,312,
nike.snu.ac.kr:7779,250,0,0,0,0,0,0,0,0,26,250,
219.245.195.47,230,0,0,0,0,0,0,0,0,26,230,
localhost:8010,431,0,0,0,0,0,0,0,0,26,431,
if-plp-haustorium2.ad.ufl.edu,204,0,0,0,0,0,0,0,0,26,204,
genoweb.toulouse.inra.fr,219,0,0,0,0,0,0,0,0,26,219,
musaceae.plantbiology.msu.edu,138,0,0,0,0,0,0,0,0,26,138,
133.26.84.168,683,0,0,0,0,0,0,0,0,26,683,
10.199.99.101,938,0,0,0,0,0,0,0,0,26,938,
ceres.snu.ac.kr:9992,135,0,0,0,0,0,0,0,0,26,135,
192.168.14.101,130,0,0,0,0,0,0,0,0,26,130,
jbrowse.insilicogen.com,712,0,0,0,0,0,0,0,0,26,712,
ginsengdb.snu.ac.kr,367,0,0,0,0,0,0,0,0,26,367,
ijgvd.megabank.tohoku.ac.jp,2830,0,0,0,0,0,0,0,0,26,2830,
www.plabipd.de,562,0,0,0,0,0,0,0,0,26,562,
172.28.1.113:8000,273,0,0,0,0,0,0,0,0,26,273,
zed.tacc.utexas.edu,180,0,0,0,0,0,0,0,0,26,180,
192.168.0.5,155,0,0,0,0,0,0,0,0,26,155,
apollo.sgn.cornell.edu,222,0,0,0,0,0,0,0,0,26,222,
jbrowse-hopbase.cgrb.oregonstate.edu,771,0,0,0,0,0,0,0,0,25,771,
78.34.25.102:6143,432,0,0,0,0,0,0,0,0,25,432,
192.168.99.100,118,0,0,0,0,0,0,0,0,25,118,
222.195.93.172,156,0,0,0,0,0,0,0,0,25,156,
sicily.lanl.gov,334,0,0,0,0,0,0,0,0,25,334,
bf2i126.insa-lyon.fr:1980,193,0,0,0,0,0,0,0,0,25,193,
192.64.83.141,156,0,0,0,0,0,0,0,0,25,156,
graveleylab.cam.uchc.edu,114,0,0,0,0,0,0,0,0,25,114,
tesla.pcbi.upenn.edu,1085,0,0,0,0,0,0,0,0,25,1085,
210.34.84.49,121,0,0,0,0,0,0,0,0,25,121,
fierstworms.ua.edu,171,0,0,0,0,0,0,0,0,25,171,
192.168.1.5,146,0,0,0,0,0,0,0,0,25,146,
knowpulse.usask.ca,1955,0,0,0,0,0,0,0,0,25,1955,
192.168.20.19:8002,143,0,0,0,0,0,0,0,0,25,143,
bioinf.eva.mpg.de,1703,0,0,0,0,0,0,0,0,25,1703,
192.168.1.115,7992,0,0,0,0,0,0,0,0,25,7992,
0.0.0.0:8000,185,0,0,0,0,0,0,0,0,25,185,
133.26.84.82,218,0,0,0,0,0,0,0,0,25,218,
swissregulon.bc2.unibas.ch,207,0,0,0,0,0,0,0,0,25,207,
10.0.0.91,130,0,0,0,0,0,0,0,0,25,130,
fernbase.org,103,0,0,0,0,0,0,0,0,25,103,
www.lmb.cnptia.embrapa.br,701,0,0,0,0,0,0,0,0,25,701,
54.40.223.148:8080,140,0,0,0,0,0,0,0,0,25,140,
agripestbase.org,153,0,0,0,0,0,0,0,0,25,153,
nfingb.leibniz-fli.de,1302,0,0,0,0,0,0,0,0,24,1302,
bio-dev-jbrowse.rz.rijkzwaan.net,288,0,0,0,0,0,0,0,0,24,288,
docker:8080,158,0,0,0,0,0,0,0,0,24,158,
stripedbass.animalgenome.org,190,0,0,0,0,0,0,0,0,24,190,
www.actinidia.nz:8080,117,0,0,0,0,0,0,0,0,24,117,
www.actinidia.nz,12320,0,0,0,0,0,0,0,0,24,12320,
phylofish.sigenae.org,112,0,0,0,0,0,0,0,0,24,112,
192.168.103.9,431,0,0,0,0,0,0,0,0,24,431,
dev.pseudomonas.com,136,0,0,0,0,0,0,0,0,24,136,
www.pseudomonas.com,1366,0,0,0,0,0,0,0,0,24,1366,
pseudomonas.com,576,0,0,0,0,0,0,0,0,24,576,
regadb.bahia.fiocruz.br,240,0,0,0,0,0,0,0,0,24,240,
ssl.biomax.de,208,0,0,0,0,0,0,0,0,24,208,
bf2i300.insa-lyon.fr:8080,145,0,0,0,0,0,0,0,0,24,145,
10.176.253.77,218,0,0,0,0,0,0,0,0,24,218,
collembolomics.nl,419,0,0,0,0,0,0,0,0,23,419,
54.85.2.5,2876,0,0,0,0,0,0,0,0,23,2876,
galaxy-epi:8086,145,0,0,0,0,0,0,0,0,23,145,
compute2.bioinfo.wsu.edu,108,0,0,0,0,0,0,0,0,23,108,
192.168.0.67:8085,907,0,0,0,0,0,0,0,0,23,907,
115.145.203.19:8080,217,0,0,0,0,0,0,0,0,23,217,
129.15.40.234:7997,144,0,0,0,0,0,0,0,0,22,144,
methusalix.biomax.de:8840,172,0,0,0,0,0,0,0,0,22,172,
139.165.112.252,226,0,0,0,0,0,0,0,0,22,226,
galaxy-epi,121,0,0,0,0,0,0,0,0,22,121,
adama.ifr.ibpc.fr,156,0,0,0,0,0,0,0,0,22,156,
ava4.usav1svgend02.ambrygenetics.local,445,0,0,0,0,0,0,0,0,22,445,
glassdev.phibred.com:8081,932,0,0,0,0,0,0,0,0,21,932,
beta.immunobase.org,1717,0,0,0,0,0,0,0,0,21,1717,
10.33.106.121,225,0,0,0,0,0,0,0,0,21,225,
tomato-webapollo.sgn.cornell.edu,145,0,0,0,0,0,0,0,0,20,145,
www.ashgenome.org,241,0,0,0,0,0,0,0,0,20,241,
webapollo.bioinformatics.csiro.au,1777,0,0,0,0,0,0,0,0,20,1777,
www.biw.kuleuven.be,489,0,0,0,0,0,0,0,0,20,489,
ricebase.org,621,0,0,0,0,0,0,0,0,20,621,
cancer.sanger.ac.uk,156028,0,0,0,0,0,0,0,0,19,156028,
www.phyzen-lab.com,216,0,0,0,0,0,0,0,0,19,216,
dnamethylome.org,536,0,0,0,0,0,0,0,0,19,536,
www.burkholderia.com,238,0,0,0,0,0,0,0,0,19,238,
fungalgenomics.science.uu.nl:8080,1072,0,0,0,0,0,0,0,0,19,1072,
jbrowse.igs.umaryland.edu,193,0,0,0,0,0,0,0,0,19,193,
jbrowse-dev.corp.zoetis.com:9080,138,0,0,0,0,0,0,0,0,19,138,
www.phyzen.com,176,0,0,0,0,0,0,0,0,19,176,
cosmic.dev.sanger.ac.uk,185,0,0,0,0,0,0,0,0,19,185,
peanutbase-stage.agron.iastate.edu,109,0,0,0,0,0,0,0,0,19,109,
peanutbase.org,3380,0,0,0,0,0,0,0,0,19,3380,
www.peanutbase.org,148,0,0,0,0,0,0,0,0,19,148,
www.immunobase.org,5461,0,0,0,0,0,0,0,0,19,5461,
133.26.84.101,233,0,0,0,0,0,0,0,0,19,233,
ann-nblrrome.tuebingen.mpg.de,14074,0,0,0,0,0,0,0,0,19,14074,
172.16.0.173:8080,100,0,0,0,0,0,0,0,0,19,100,
grch37-cancer.sanger.ac.uk,15109,0,0,0,0,0,0,0,0,18,15109,
www.chogenome.org,1638,0,0,0,0,0,0,0,0,18,1638,
chogenome.org,172,0,0,0,0,0,0,0,0,18,172,
10.88.206.59,2779,0,0,0,0,0,0,0,0,18,2779,
bcrf-chlorella.unl.edu,404,0,0,0,0,0,0,0,0,18,404,
86.50.169.181:8080,908,0,0,0,0,0,0,0,0,18,908,
seadb.org,138,0,0,0,0,0,0,0,0,17,138,
www.seadb.org,282,0,0,0,0,0,0,0,0,17,282,
marmoset.dna.bio.keio.ac.jp,217,0,0,0,0,0,0,0,0,17,217,
nicotiana-webapollo.sgn.cornell.edu,1557,0,0,0,0,0,0,0,0,17,1557,
nicotiana.sgn.cornell.edu,398,0,0,0,0,0,0,0,0,17,398,
iomics-research.interpretomics.co,181,0,0,0,0,0,0,0,0,17,181,
zoidberg.bi.up.ac.za:8080,517,0,0,0,0,0,0,0,0,17,517,
115.145.138.237,951,0,0,0,0,0,0,0,0,17,951,
tools.genxpro.net,1323,0,0,0,0,0,0,0,0,16,1323,
mtb.wadsworth.org,389,0,0,0,0,0,0,0,0,16,389,
maize.jcvi.org,119,0,0,0,0,0,0,0,0,16,119,
olympus.unige.ch:8080,203,0,0,0,0,0,0,0,0,16,203,
172.28.1.177:1339,483,0,0,0,0,0,0,0,0,16,483,
viewer.genomenext.net,514,0,0,0,0,0,0,0,0,16,514,
v22.popgenie.org,168,0,0,0,0,0,0,0,0,16,168,
secure.genomenext.net,138,0,0,0,0,0,0,0,0,16,138,
192.168.16.55,114,0,0,0,0,0,0,0,0,15,114,
biocc.hrbmu.edu.cn:82,901,0,0,0,0,0,0,0,0,15,901,
172.16.1.36,173,0,0,0,0,0,0,0,0,15,173,
imethyl.iwate-megabank.org,1385,0,0,0,0,0,0,0,0,15,1385,
thoba.sanbi.ac.za:8080,966,0,0,0,0,0,0,0,0,15,966,
134.192.156.42,211,0,0,0,0,0,0,0,0,15,211,
chominis-curation.igs.umaryland.edu,108,0,0,0,0,0,0,0,0,15,108,
albiorix.bioenv.gu.se:8080,961,0,0,0,0,0,0,0,0,15,961,
civet.nhgri.nih.gov,306,0,0,0,0,0,0,0,0,15,306,
arusha.nhgri.nih.gov,207,0,0,0,0,0,0,0,0,15,207,
128.192.99.108:8080,763,0,0,0,0,0,0,0,0,15,763,
combattb.sanbi.ac.za:8080,131,0,0,0,0,0,0,0,0,15,131,
plantgenomics.snu.ac.kr,1005,0,0,0,0,0,0,0,0,15,1005,
www.termitegenome.org:8080,134,0,0,0,0,0,0,0,0,14,134,
141.20.62.214,143,0,0,0,0,0,0,0,0,14,143,
aura.science.unitn.it,17262,0,0,0,0,0,0,0,0,14,17262,
77.235.253.122:8084,176,0,0,0,0,0,0,0,0,14,176,
aegilops.wheat.ucdavis.edu,276,0,0,0,0,0,0,0,0,14,276,
tokyogw.bits.cc,783,0,0,0,0,0,0,0,0,14,783,
localhost:8098,188,0,0,0,0,0,0,0,0,14,188,
dgr.dasmaninstitute.org,278,0,0,0,0,0,0,0,0,13,278,
210.46.85.174:8011,529,0,0,0,0,0,0,0,0,13,529,
biol-schen03d.sols.uq.edu.au:8080,569,0,0,0,0,0,0,0,0,13,569,
x-test.platomics.com:10005,139,0,0,0,0,0,0,0,0,13,139,
breve.nhgri.nih.gov,109,0,0,0,0,0,0,0,0,13,109,
10.46.33.103:8443,676,0,0,0,0,0,0,0,0,13,676,
bitdev.ent.iastate.edu,204,0,0,0,0,0,0,0,0,13,204,
localhost:2000,229,0,0,0,0,0,0,0,0,13,229,
jorvisvm-lx.igs.umaryland.edu,307,0,0,0,0,0,0,0,0,13,307,
weatherby.genetics.utah.edu,598,0,0,0,0,0,0,0,0,13,598,
efishgenomics.integrativebiology.msu.edu,568,0,0,0,0,0,0,0,0,13,568,
bdg.hfut.edu.cn,396,0,0,0,0,0,0,0,0,12,396,
mib.amu.edu.pl,155,0,0,0,0,0,0,0,0,12,155,
scripts-dev.jcvi.org,106,0,0,0,0,0,0,0,0,12,106,
115.145.138.239:8085,2937,0,0,0,0,0,0,0,0,12,2937,
plantomics.mind.meiji.ac.jp,197,0,0,0,0,0,0,0,0,12,197,
192.168.5.82,547,0,0,0,0,0,0,0,0,12,547,
glassqa.phibred.com:8081,121,0,0,0,0,0,0,0,0,12,121,
dnasubway.iplantcollaborative.org,785,0,0,0,0,0,0,0,0,12,785,
apollo.ppglab.org,1152,0,0,0,0,0,0,0,0,12,1152,
analysis.preview.archerdx.com,498,0,0,0,0,0,0,0,0,12,498,
bang,2565,0,0,0,0,0,0,0,0,12,2565,
dna-marker.biocenter.helsinki.fi,1815,0,0,0,0,0,0,0,0,12,1815,
bang.enz.local,2379,0,0,0,0,0,0,0,0,12,2379,
medicinalplantgenomics.msu.edu,2572,0,0,0,0,0,0,0,0,11,2572,
research.nhgri.nih.gov,296,0,0,0,0,0,0,0,0,11,296,
kona.nhgri.nih.gov,134,0,0,0,0,0,0,0,0,11,134,
www.bowhead-whale.org,865,0,0,0,0,0,0,0,0,11,865,
momo.lanl.gov,171,0,0,0,0,0,0,0,0,11,171,
192.168.100.62,180,0,0,0,0,0,0,0,0,11,180,
shigen.nig.ac.jp,466,0,0,0,0,0,0,0,0,11,466,
192.168.50.128:1338,111,0,0,0,0,0,0,0,0,11,111,
172.32.67.158:8080,184,0,0,0,0,0,0,0,0,11,184,
10.46.33.102:8443,304,0,0,0,0,0,0,0,0,11,304,
10.46.33.101:8443,548,0,0,0,0,0,0,0,0,11,548,
192.168.20.99,320,0,0,0,0,0,0,0,0,11,320,
mmodev2:8085,465,0,0,0,0,0,0,0,0,11,465,
114.242.245.42:8080,144,0,0,0,0,0,0,0,0,11,144,
test.sb-roscoff.fr,380,0,0,0,0,0,0,0,0,11,380,
10.10.10.128,165,0,0,0,0,0,0,0,0,11,165,
abims.sb-roscoff.fr,1605,0,0,0,0,0,0,0,0,11,1605,
mmodev2:8080,385,0,0,0,0,0,0,0,0,11,385,
latte.nhgri.nih.gov,240,0,0,0,0,0,0,0,0,11,240,
zhoulab5.rccc.ou.edu,195,0,0,0,0,0,0,0,0,10,195,
urgi.versailles.inra.fr,143,0,0,0,0,0,0,0,0,10,143,
smegmatis.wadsworth.org,530,0,0,0,0,0,0,0,0,10,530,
data.sciapps.org,108,0,0,0,0,0,0,0,0,10,108,
ecoevo-db.unit.oist.jp,121,0,0,0,0,0,0,0,0,10,121,
inil-genome.xcoo.jp,202,0,0,0,0,0,0,0,0,10,202,
bioinfo,357,0,0,0,0,0,0,0,0,10,357,
localhost:8092,270,0,0,0,0,0,0,0,0,10,270,
54.201.172.115,652,0,0,0,0,0,0,0,0,10,652,
10.88.34.207:8443,158,0,0,0,0,0,0,0,0,10,158,
rd-jbrowse.app.pmi,405,0,0,0,0,0,0,0,0,10,405,
192.168.1.229:8081,103,0,0,0,0,0,0,0,0,10,103,
spore.ibb.waw.pl:8080,103,0,0,0,0,0,0,0,0,10,103,
10.37.0.245,191,0,0,0,0,0,0,0,0,10,191,
10.88.34.68:8443,454,0,0,0,0,0,0,0,0,10,454,
54.213.96.151,401,0,0,0,0,0,0,0,0,10,401,
headnode,474,0,0,0,0,0,0,0,0,10,474,
tripal.feilab.net,796,0,0,0,0,0,0,0,0,10,796,
megabat.nig.ac.jp,288,0,0,0,0,0,0,0,0,10,288,
assay.archerdx.com,1453,0,0,0,0,0,0,0,0,10,1453,
dh135,591,0,0,0,0,0,0,0,0,10,591,
54.201.156.29,383,0,0,0,0,0,0,0,0,10,383,
10.0.10.6,100,0,0,0,0,0,0,0,0,10,100,
217.146.218.134,337,0,0,0,0,0,0,0,0,10,337,
whiteflygenomics.org,5879,0,0,0,0,0,0,0,0,9,5879,
archer,485,0,0,0,0,0,0,0,0,9,485,
192.168.5.61,132,0,0,0,0,0,0,0,0,9,132,
10.22.55.192,107,0,0,0,0,0,0,0,0,9,107,
192.168.5.57,1343,0,0,0,0,0,0,0,0,9,1343,
archeranalysis-prod,146,0,0,0,0,0,0,0,0,9,146,
szagenann.szbk.hu,220,0,0,0,0,0,0,0,0,9,220,
webapollo.science.uu.nl,642,0,0,0,0,0,0,0,0,9,642,
10.22.57.121,820,0,0,0,0,0,0,0,0,9,820,
192.168.78.133:1339,189,0,0,0,0,0,0,0,0,9,189,
28.11.141.13,170,0,0,0,0,0,0,0,0,9,170,
bioinfo.ihb.ac.cn,146,0,0,0,0,0,0,0,0,9,146,
172.28.1.100:1339,127,0,0,0,0,0,0,0,0,9,127,
aquarius.mskcc.org,1233,0,0,0,0,0,0,0,0,9,1233,
webapollo.science.uu.nl:8080,605,0,0,0,0,0,0,0,0,9,605,
dog.medisapiens.com,274,0,0,0,0,0,0,0,0,9,274,
172.17.34.21:1002,136,0,0,0,0,0,0,0,0,9,136,
cuarchp.ucdenver.pvt,133,0,0,0,0,0,0,0,0,9,133,
rayfin.uoregon.edu,227,0,0,0,0,0,0,0,0,9,227,
pichiagenome.boku.ac.at,814,0,0,0,0,0,0,0,0,8,814,
apollo.nematodegenomes.org,226,0,0,0,0,0,0,0,0,8,226,
asm08.c01.l.synthgeno.global:8989,166,0,0,0,0,0,0,0,0,8,166,
jbrowse.jcvi.org,143,0,0,0,0,0,0,0,0,8,143,
54.213.138.252,618,0,0,0,0,0,0,0,0,8,618,
s-az-archer,145,0,0,0,0,0,0,0,0,8,145,
headnode-vbox,382,0,0,0,0,0,0,0,0,8,382,
palm-genome-http.cirad.fr,361,0,0,0,0,0,0,0,0,8,361,
dgdarcher4.chop.edu,299,0,0,0,0,0,0,0,0,8,299,
taurus.mskcc.org,374,0,0,0,0,0,0,0,0,8,374,
130.92.155.151:8085,694,0,0,0,0,0,0,0,0,8,694,
54.200.4.180,105,0,0,0,0,0,0,0,0,8,105,
199.133.225.19,155,0,0,0,0,0,0,0,0,8,155,
archer407.chop.edu,198,0,0,0,0,0,0,0,0,8,198,
archer4011ipu.chop.edu,1276,0,0,0,0,0,0,0,0,8,1276,
vollbrechtlab.org,337,0,0,0,0,0,0,0,0,8,337,
ccbb.jnu.ac.in,557,0,0,0,0,0,0,0,0,8,557,
192.168.20.109,124,0,0,0,0,0,0,0,0,8,124,
www.bioinfor.org,714,0,0,0,0,0,0,0,0,8,714,
knowpulse.usask.ca:8082,136,0,0,0,0,0,0,0,0,8,136,
10.253.21.69,333,0,0,0,0,0,0,0,0,8,333,
analysis.caris.archerdx.com,128,0,0,0,0,0,0,0,0,8,128,
www.genome.arizona.edu,977,0,0,0,0,0,0,0,0,7,977,
plmine.mpi-cbg.de:8088,4532,0,0,0,0,0,0,0,0,7,4532,
webblast.ipk-gatersleben.de,135,0,0,0,0,0,0,0,0,7,135,
192.168.1.51,168,0,0,0,0,0,0,0,0,7,168,
uweb,2729,0,0,0,0,0,0,0,0,7,2729,
browse2.big.ac.cn,472,0,0,0,0,0,0,0,0,7,472,
207.162.243.6,175,0,0,0,0,0,0,0,0,7,175,
172.31.7.93,148,0,0,0,0,0,0,0,0,7,148,
10.37.0.243,287,0,0,0,0,0,0,0,0,7,287,
172.28.1.200:1338,230,0,0,0,0,0,0,0,0,7,230,
172.28.1.169:1338,264,0,0,0,0,0,0,0,0,7,264,
dev.palm-comparomics.southgreen.fr,121,0,0,0,0,0,0,0,0,7,121,
10.124.128.172,207,0,0,0,0,0,0,0,0,7,207,
140.120.203.44,33760,0,0,0,0,0,0,0,0,7,33760,
211.57.200.66,123,0,0,0,0,0,0,0,0,7,123,
asm-microsvcs01.l.synthgeno.global:8989,113,0,0,0,0,0,0,0,0,7,113,
genome.lygos.com,263,0,0,0,0,0,0,0,0,7,263,
chrx:8080,172,0,0,0,0,0,0,0,0,7,172,
scicomp-pc-1-1:8088,116,0,0,0,0,0,0,0,0,7,116,
192.168.5.105,137,0,0,0,0,0,0,0,0,7,137,
kitbase.ucdavis.edu,364,0,0,0,0,0,0,0,0,7,364,
seabassgb.sanbi.ac.za,134,0,0,0,0,0,0,0,0,6,134,
139.165.112.30,174,0,0,0,0,0,0,0,0,6,174,
planmine.mpi-cbg.de:8088,9748,0,0,0,0,0,0,0,0,6,9748,
bioinfo.bas.roche.com:8080,114,0,0,0,0,0,0,0,0,6,114,
172.28.1.200:1337,724,0,0,0,0,0,0,0,0,6,724,
cazy208.afmb.local,393,0,0,0,0,0,0,0,0,6,393,
www.cazy.org,889,0,0,0,0,0,0,0,0,6,889,
proteinmodelling-server.swan.ac.uk,1421,0,0,0,0,0,0,0,0,6,1421,
172.28.1.169:1339,584,0,0,0,0,0,0,0,0,6,584,
bacster.phibred.com,824,0,0,0,0,0,0,0,0,6,824,
cazy212.afmb.local,187,0,0,0,0,0,0,0,0,6,187,
biominer-b2b.hci.utah.edu,133,0,0,0,0,0,0,0,0,6,133,
www.serioladb.org,105,0,0,0,0,0,0,0,0,6,105,
10.0.12.60,553,0,0,0,0,0,0,0,0,6,553,
hanamdg.sial.com:8080,683,0,0,0,0,0,0,0,0,6,683,
localhost:8301,8342,0,0,0,0,0,0,0,0,5,8342,
viewer.shigen.info,712,0,0,0,0,0,0,0,0,5,712,
localhost:84,314,0,0,0,0,0,0,0,0,5,314,
10.69.10.234,1132,0,0,0,0,0,0,0,0,5,1132,
pallas.bi.up.ac.za:8081,381,0,0,0,0,0,0,0,0,5,381,
dev2.apps.thermofisher.com,1275,0,0,0,0,0,0,0,0,5,1275,
pieriandxopsqa.pdx.aws,103,0,0,0,0,0,0,0,0,5,103,
133.26.84.84,569,0,0,0,0,0,0,0,0,5,569,
regadb.bahia.fiocruz.br:8080,248,0,0,0,0,0,0,0,0,5,248,
efam.nzcorp.net,1330,0,0,0,0,0,0,0,0,5,1330,
gpsdevqa.pdx.aws,245,0,0,0,0,0,0,0,0,5,245,
gpsdev.pdx.aws,293,0,0,0,0,0,0,0,0,5,293,
192.168.1.80,3236,0,0,0,0,0,0,0,0,5,3236,
gbdev.nig.ac.jp,277,0,0,0,0,0,0,0,0,5,277,
cedarssinaiopsqa.pdx.aws,121,0,0,0,0,0,0,0,0,5,121,
210.46.80.146,583,0,0,0,0,0,0,0,0,5,583,
localhost:8302,159,0,0,0,0,0,0,0,0,5,159,
10.4.2.11:9002,180,0,0,0,0,0,0,0,0,5,180,
meg.sciencedesigners.com,114,0,0,0,0,0,0,0,0,5,114,
abrpi.genome.edu.au,107,0,0,0,0,0,0,0,0,5,107,
bw.scottcain.net,198,0,0,0,0,0,0,0,0,5,198,
3dproteome.swan.ac.uk,362,0,0,0,0,0,0,0,0,5,362,
esharkgenome.imcb.a-star.edu.sg:8000,242,0,0,0,0,0,0,0,0,4,242,
gryc.inra.fr,8643,0,0,0,0,0,0,0,0,4,8643,
langelabtools.wsu.edu,134,0,0,0,0,0,0,0,0,4,134,
aiptasia.reefgenomics.org,643,0,0,0,0,0,0,0,0,4,643,
pathogenseq.lshtm.ac.uk,1382,0,0,0,0,0,0,0,0,4,1382,
amphimedon.qcloud.qcif.edu.au,180,0,0,0,0,0,0,0,0,4,180,
togogenome.org,658,0,0,0,0,0,0,0,0,4,658,
www.jbrowse.renlab.org,258,0,0,0,0,0,0,0,0,4,258,
retrogenedb.amu.edu.pl,920,0,0,0,0,0,0,0,0,4,920,
10.118.36.237,101,0,0,0,0,0,0,0,0,4,101,
138.4.136.220,128,0,0,0,0,0,0,0,0,4,128,
dpuk.digitalhealthlabs.com,113,0,0,0,0,0,0,0,0,4,113,
130.192.168.211,129,0,0,0,0,0,0,0,0,4,129,
192.248.21.78:8084,1791,0,0,0,0,0,0,0,0,4,1791,
192.168.138.64,445,0,0,0,0,0,0,0,0,4,445,
192.168.138.94,264,0,0,0,0,0,0,0,0,4,264,
kumamushi.org,162,0,0,0,0,0,0,0,0,4,162,
icugi3.feilab.net,154,0,0,0,0,0,0,0,0,4,154,
localhost:3080,113,0,0,0,0,0,0,0,0,4,113,
103.18.1.188,227,0,0,0,0,0,0,0,0,3,227,
beetlebase.org,319,0,0,0,0,0,0,0,0,3,319,
www.rgenome.net,2038,0,0,0,0,0,0,0,0,3,2038,
lncrna.big.ac.cn,6118,0,0,0,0,0,0,0,0,3,6118,
naked-mole-rat.org,433,0,0,0,0,0,0,0,0,3,433,
157.92.24.249,1029,0,0,0,0,0,0,0,0,3,1029,
ncig-genomebrowser.anu.edu.au,111,0,0,0,0,0,0,0,0,3,111,
bioweb1.es.dupont.com:1557,461,0,0,0,0,0,0,0,0,3,461,
jbrowse.girg.um.edu.my,704,0,0,0,0,0,0,0,0,3,704,
www.naked-mole-rat.org,866,0,0,0,0,0,0,0,0,3,866,
147.100.164.47,122,0,0,0,0,0,0,0,0,3,122,
girg.um.edu.my,168,0,0,0,0,0,0,0,0,3,168,
172.28.1.200:1336,145,0,0,0,0,0,0,0,0,3,145,
botryllus.stanford.edu,342,0,0,0,0,0,0,0,0,3,342,
darter2.westga.edu,932,0,0,0,0,0,0,0,0,3,932,
192.168.100.250,247,0,0,0,0,0,0,0,0,3,247,
10.35.229.179,321,0,0,0,0,0,0,0,0,3,321,
cbsuss05.tc.cornell.edu,393,0,0,0,0,0,0,0,0,3,393,
10.200.55.15,113,0,0,0,0,0,0,0,0,3,113,
wikigenomes.org,732,0,0,0,0,0,0,0,0,3,732,
parasitoids.labs.vu.nl,103,0,0,0,0,0,0,0,0,3,103,
52.44.239.15,446,0,0,0,0,0,0,0,0,3,446,
127.0.0.1:9292,309,0,0,0,0,0,0,0,0,3,309,
54.166.140.4,100,0,0,0,0,0,0,0,0,3,100,
dev.dhcp.bhsai.net:8023,348,0,0,0,0,0,0,0,0,2,348,
235318.ichengyun.net,212,0,0,0,0,0,0,0,0,2,212,
pennycress.umn.edu,104,0,0,0,0,0,0,0,0,2,104,
210.218.222.110:8080,134,0,0,0,0,0,0,0,0,2,134,
arkham.exp.dc.uba.ar,1261,0,0,0,0,0,0,0,0,2,1261,
expose.ethz.ch,134,0,0,0,0,0,0,0,0,2,134,
verdant.iplantcollaborative.org,724,0,0,0,0,0,0,0,0,2,724,
157.92.24.222:8081,177,0,0,0,0,0,0,0,0,2,177,
10.199.24.250,170,0,0,0,0,0,0,0,0,2,170,
sulab.scripps.edu,320,0,0,0,0,0,0,0,0,2,320,
dbsecsys.bhsai.org,153,0,0,0,0,0,0,0,0,2,153,
target.sbg.qb.fcen.uba.ar,1196,0,0,0,0,0,0,0,0,2,1196,
www.angiosperms.org,213,0,0,0,0,0,0,0,0,2,213,
www.angiosperm.org,114,0,0,0,0,0,0,0,0,2,114,
