,849930
cancer.sanger.ac.uk,172315
solgenomics.net,116113
phytozome.jgi.doe.gov,100193
rgd.mcw.edu,50270
localhost,43062
jbrowse.org,34707
localhost:8080,30291
www.yeastgenome.org,29937
140.120.203.44,29477
medicago.jcvi.org,24251
www.echinobase.org,22695
www.wormbase.org,19146
geisha.arizona.edu,17778
aura.science.unitn.it,16365
grch37-cancer.sanger.ac.uk,15844
jbrowse.informatics.jax.org,13917
csbl.bmb.uga.edu,12555
adenine.bradley.edu,11996
www.actinidia.nz,11598
localhost:8301,11484
www.genome.med.kyoto-u.ac.jp,11398
visual.ic4r.org,11352
gryc.inra.fr,9711
analysis.archerdx.com,9690
bipaa.genouest.org,9092
172.20.174.113,8737
planmine.mpi-cbg.de:8088,8492
genomevolution.org,7739
solgenomics.wur.nl,7646
www.flyrnai.org,7479
dubcovskylab.ucdavis.edu,7209
bioinf.gen.tcd.ie,7164
54.85.2.5,6586
annotation-prod.scilifelab.se:8080,6239
127.0.0.1,6125
lncrna.big.ac.cn,6104
whiteflygenomics.org,6003
127.0.0.1:8000,5620
oryzasnp.org,5344
localhost:8090,5330
pipelines.rgd.mcw.edu,5123
192.168.1.115,5010
www.heliagene.org,4961
icebox.lbl.gov,4773
marchantia.info,4739
marinegenomics.oist.jp,4597
localhost:8001,4587
cap.ensemblgenomes.org,4384
ann-nblrrome.tuebingen.mpg.de,4340
192.168.56.102,4250
epigenome.genetics.uga.edu,4122
137.189.43.55,3996
www.solgenomics.net,3992
aklppr31.pfr.co.nz.:9080,3914
lotus.au.dk,3887
localhost:8888,3777
10.0.0.20,3752
glass.phibred.com:8081,3376
www.niagads.org,3367
jbrowse.southgreen.fr,3327
bioinf.mind.meiji.ac.jp,3241
192.168.1.80,3236
legumeinfo.org,3221
peanutbase.org,3165
jbrowse.plantdhs.org,3148
192.248.21.78:8084,3029
denovo.cnag.cat,3014
10.88.206.59,2971
115.145.138.239:8085,2937
lulab.life.tsinghua.edu.cn,2929
geco.iplantcollaborative.org,2848
bang.enz.local,2831
sanger.kws.de,2818
www.immunobase.org,2769
bang,2664
coffee-webapollo.sgn.cornell.edu,2571
medicinalplantgenomics.msu.edu,2506
133.26.84.46,2486
rio.nzcorp.net,2464
gbcs-dev.embl.de,2458
hymenopteragenome.org,2455
155.253.6.64,2455
www.sgn.cornell.edu,2382
uweb,2336
sjcbioweb01.driscolls.com,2300
rna.sysu.edu.cn,2273
10.69.10.234,2254
apollo.tgac.ac.uk,2246
ijgvd.megabank.tohoku.ac.jp,2232
aspgd.broadinstitute.org,2204
dash,2200
cgm.sjtu.edu.cn,2151
www.homd.org,2133
plmine.mpi-cbg.de:8088,2118
bmi.xmu.edu.cn,2093
192.168.56.101,2078
webapollo.bioinformatics.csiro.au,2037
216.47.151.240:8080,1991
arete,1978
mmb.irbbarcelona.org,1972
cpt.tamu.edu,1970
jbrowse.intranet.dow.com,1946
biocomplx.phibred.com,1931
www.pristionchus.org,1919
www.rgenome.net,1855
rcshige3.nig.ac.jp,1847
sysbio.sysu.edu.cn,1839
www.bioinformatics.nl,1821
knowpulse.usask.ca,1819
www.tomatogenome.net,1789
10.0.0.48,1770
aestivum.accwi.org.au:8080,1705
pathos:8080,1695
210.218.217.106,1693
wolferine.ucd.ie,1683
www.chogenome.org,1667
beta.immunobase.org,1664
www.jcvi.org,1626
webapollo2.vectorbase.org,1616
localhost:8081,1606
hicp.big.ac.cn,1589
192.168.10.200,1566
nfingb.leibniz-fli.de,1566
bbric-pipelines.toulouse.inra.fr,1522
biopvm201.pfr.co.nz:9080,1490
jbrowse.jhhlab.tw,1487
biocomp.phibred.com,1484
bovinegenome.org,1471
mockler-jbrowse.mocklerlab.org,1467
bioinfor.org,1456
localhost:8000,1452
pathogenseq.lshtm.ac.uk,1441
jbrowse,1431
proteinmodelling-server.swan.ac.uk,1419
www.pseudomonas.com,1407
141.244.40.114,1399
dev.jbrowse.southgreen.fr,1370
epigen-zhong.discovery.wisc.edu,1365
genome.igib.res.in,1364
158.109.215.18,1348
fungalgenomics.science.uu.nl:8080,1333
pichiagenome.boku.ac.at,1331
192.168.10.222,1328
lis-stage.agron.iastate.edu,1310
dev2.apps.thermofisher.com,1309
gbcs-dev,1306
www.bowhead-whale.org,1301
efam.nzcorp.net,1298
staging.wormbase.org,1288
snp-seek.irri.org,1286
10.4.4.74,1278
gph.niid.go.jp,1265
betula.biosci.helsinki.fi:8080,1264
sunflowergenome.org,1243
triticeaetoolbox.org,1243
genome.integragen.com,1238
192.168.0.67:8085,1229
192.168.7.11,1228
arkham.exp.dc.uba.ar,1195
192.168.103.9,1193
mirlab.sysu.edu.cn,1189
peach.igh.cnrs.fr,1189
plantgenomics.snu.ac.kr,1154
jbrowse-test.sgn.cornell.edu,1154
localhost:3000,1150
192.168.5.57,1146
localhost:63342,1133
147.99.108.97,1131
titin.ucd.ie,1123
coffee-genome.org,1107
tools.genxpro.net,1103
myers.bioinformatics.nl,1097
10.93.132.25,1094
genomes.missouri.edu:8080,1091
192.168.1.137,1088
157.92.24.249,1070
nicotiana-webapollo.sgn.cornell.edu,1068
assay.archerdx.com,1063
124.17.27.143,1057
data.koalagenome.org,1057
10.199.99.101,1051
imethyl.iwate-megabank.org,1046
www.sunflowergenome.org,1036
www.picb.ac.cn,1032
www.hgvd.genome.med.kyoto-u.ac.jp,1021
asrp.danforthcenter.org,1008
sweetpotato.plantbiology.msu.edu,1000
simrbase.sgc.loc,993
abims.sb-roscoff.fr,992
172.29.4.215:8080,989
thoba.sanbi.ac.za:8080,988
bioinformatics.forsyth.org,986
www.genome.arizona.edu,981
biocc.hrbmu.edu.cn:82,977
jbrowse-hopbase.cgrb.oregonstate.edu,964
childslab.plantbiology.msu.edu,962
mmodev.sb-roscoff.fr,956
tesla.pcbi.upenn.edu,941
retrogenedb.amu.edu.pl,933
bioinf.eva.mpg.de,930
pm.sysu.edu.cn,921
yeastgenome.org,902
137.189.43.160:8080,890
servbio.hpc.ncsu.edu:81,888
ziggy.dbi.udel.edu,881
www.jbrowse.renlab.org,873
old-gep.wustl.edu,869
134.245.63.238:8080,867
sefapps02.qut.edu.au,859
137.205.68.42,856
fabienpichon.com,840
www.cazy.org,837
115.145.138.237,827
dev.novocraft.com,821
sgn.cornell.edu,821
192.168.50.14:1338,820
gensas2.bioinfo.wsu.edu:8080,815
darter2.westga.edu,815
browse2.big.ac.cn,815
archer4011ipu.chop.edu,814
cazy208.afmb.local,806
www.bioinfocabd.upo.es,805
pichiagenome-ext.boku.ac.at,798
10.42.0.1:8050,793
albiorix.bioenv.gu.se:8080,792
gbr3,791
donald,791
jbrowse.girg.um.edu.my,790
rd-jbrowseqa.app.pmi,785
localhost:8085,762
bigyo.btc,761
sacibase.ibb.unesp.br,756
biocenter.sysu.edu.cn,756
jbrowse.big.ac.cn,750
dnasubway.iplantcollaborative.org,749
133.26.84.100,749
142.3.188.121,749
10.114.143.20,737
songyanglab.sysu.edu.cn,737
tokyogw.bits.cc,734
www.naked-mole-rat.org,733
www.rgd.mcw.edu,732
dev.niagads.org,732
crispr.technology,731
172.28.1.200:1337,729
biol-schen03d.sols.uq.edu.au:8080,728
bacster.phibred.com,716
viewer.shigen.info,714
shoofly.bdgp.berkeley.edu,710
genedenovoweb.ticp.net:81,703
i.animalgenome.org,699
donking.synpromics.com,697
www.rmbreeding.cn,696
pegasus-bioinfo.angers-nantes.inra.fr,696
u031331.science.uva.nl,693
dev2.cassava-genome.cirad.fr,691
54.213.138.252,686
mines.legumeinfo.org,684
symmacmini.local:8080,683
aquarius.mskcc.org,683
133.48.62.140,682
genomics.usal.es,678
jbrowse.hpcagrogenomics.wur.nl,678
10.46.33.103:8443,676
ecse001001bd.epam.com:81,669
jbrowse.insilicogen.com,669
marmorkrebs.dkfz.de,669
www.bioinfor.org,667
ukapdlnx115.ukapd.astrazeneca.net,666
smegmatis.wadsworth.org,660
cr28603.uzbrussel.be,660
stiberhad.asuscomm.com,658
cho-epigenome.boku.ac.at,656
webapollo.science.uu.nl,652
webapollo-pre.vectorbase.org,651
bmi.xmu.edu.cn:8000,649
pallas.bi.up.ac.za:8081,648
130.92.155.151:8085,641
hymenopteragenome.org:8080,640
irhs-001,640
hikakudb.nig.ac.jp,640
139.165.112.252,636
pseudomonas.com,630
141.244.133.122,628
asparagus.uga.edu,628
52.7.73.148,627
inb.bsc.es,621
10.47.117.93,621
glassdev.phibred.com:8081,616
192.168.1.9,610
www.cassavagenome.org,609
aiptasia.reefgenomics.org,605
epigenomics.fleming.gr,604
v22.popgenie.org,598
www.hardwoodgenomics.org,595
webapollo.science.uu.nl:8080,592
jbrowse-dev.corp.zoetis.com:9080,588
www.phyzen-lab.com,587
172.28.1.169:1339,584
tripal.feilab.net,584
dnamethylome.org,580
jcvi.org,577
10.0.0.253,577
210.75.224.168:8080,577
128.192.99.108:8080,577
192.168.25.105,576
54.201.172.115,575
als2077-unix1.science.oregonstate.edu,573
weatherby.genetics.utah.edu,571
10.46.33.101:8443,568
10.88.33.44:8443,568
bioinfo.tsinghua.edu.cn,563
taurus.mskcc.org,563
boots,561
popfly.uab.cat,557
10.42.0.5:8080,555
133.26.84.84,553
ccbb.jnu.ac.in,552
maizeinflorescence.org,544
bioinfolab.miamioh.edu,544
vollbrechtlab.org,543
ced.medisapiens.com,542
ricebase.org,540
10.34.229.30,538
gensas.bioinfo.wsu.edu,535
target.sbg.qb.fcen.uba.ar,531
genexpdb.okstate.edu,529
192.168.1.51,524
gbdev.nig.ac.jp,523
192.168.1.168:8080,522
210.46.85.174:8011,517
140.110.17.14,517
localhost:8087,516
togogenome.org,510
s-az-archer,509
54.186.201.182,509
192.168.5.82,507
172.16.1.36,500
maizegametophyte.org,498
202.127.22.67,497
ecoevo-db.unit.oist.jp,492
www.candidagenome.org,492
mtb.wadsworth.org,491
www.liub.cn,491
235318.ichengyun.net,488
viewer.genomenext.net,485
lithium.kaust.edu.sa,484
172.28.1.177:1339,483
srv00.recas.ba.infn.it,477
research.nhgri.nih.gov,476
archer,476
gmod2.sb-roscoff.fr,472
10.35.229.18,472
52.34.131.67,468
172.24.4.35,467
webapollo.vectorbase.org,466
analysis.preview.archerdx.com,464
thines-lab.senckenberg.de,464
180.208.58.19,462
192.168.99.100:8080,457
peach.fafu.edu.cn,450
compbio.korea.ac.kr,450
blue.usbod.astrazeneca.net,449
ec2-54-201-126-170.us-west-2.compute.amazonaws.com,447
rbp.hgc.jp,447
efishgenomics.integrativebiology.msu.edu,446
apollo.ppglab.org,445
www.tongjidmb.com,443
10.10.56.31:8080,443
civet.nhgri.nih.gov,442
192.168.138.64,442
bioinformatics.caf.ac.cn,439
52.44.239.15,434
verdant.iplantcollaborative.org,433
localhost:8010,431
cbsuss05.tc.cornell.edu,430
ngs.molgenrug.nl,429
10.88.34.68:8443,426
rgv.genouest.org,425
naked-mole-rat.org,425
binkley.candidagenome.org,424
bioweb1.es.dupont.com:1557,421
dev.rgd.mcw.edu,418
jbrowse-dev.yeastgenome.org,418
brecandb.igib.res.in,417
10.145.28.203,417
headnode,417
salmonella.wadsworth.org,410
10.22.57.121,408
137.189.43.231,408
54.213.96.151,406
kyle.rgd.mcw.edu,405
rd-jbrowse.app.pmi,403
192.168.16.55,403
mmodev2:8085,399
86.50.169.181:8080,399
bio-dev-jbrowse.rz.rijkzwaan.net,398
snipadev.qatar-med.cornell.edu,397
10.0.53.135,396
dev.dhcp.bhsai.net:8023,395
prime-seq.ohsu.edu,394
211.69.140.130,392
192.168.56.10:7082,391
petunia-webapollo.sgn.cornell.edu,390
78.34.25.102:6143,389
zoidberg.bi.up.ac.za:8080,385
headnode-vbox,384
rapsodyn-is.genouest.org,383
ism.ucsd.edu,383
jbrowse.roche.com,382
ginsengdb.snu.ac.kr,380
tgenomebrowser,379
103.18.1.188,371
weatherby.genetics.utah.edu:8080,370
gif.biotech.iastate.edu,370
analysis.unlimited.enz.local,370
mandolin.caltech.edu,367
crrd.mcw.edu,365
ivis-dev:8000,364
www.biw.kuleuven.be,361
apollo-dev.nal.usda.gov,360
bdg.hfut.edu.cn,359
tomatolab.cshl.edu,358
iomics-research.interpretomics.co,356
lis-dev.agron.iastate.edu,356
bioinfo,356
bcrf-chlorella.unl.edu,356
beetlebase.org,355
shigen.nig.ac.jp,355
mmodev2:8080,351
172.22.15.26,351
bicresources.jcbose.ac.in,350
sicily.lanl.gov,350
172.28.1.172:1339,348
collembolomics.nl,347
localhost:8082,346
218.106.117.181:8714,345
jbrowse.brachypodium.org,343
hanusch-staging.platomics.com:10005,343
localhost:84,342
nioo0025.nioo.int,341
192.168.121.127,341
amor.cms.hu-berlin.de,340
nicotiana.sgn.cornell.edu,340
www.seadb.org,338
panflam.korea.ac.kr,337
192.168.1.101,336
10.122.114.30,334
163.26.2.35,333
jbrowse.intermine.org,323
14.139.59.221,323
10.10.85.105,322
intermine.ncgr.org,322
sulab.scripps.edu,320
10.10.10.41:1337,319
10.55.60.10,318
nike.snu.ac.kr:7776,318
hts-etl-01,317
botryllus.stanford.edu,315
cgr.liv.ac.uk,315
172.17.0.2,312
gensas2.bioinfo.wsu.edu,311
10.4.4.3,311
test-bioinfo,311
192.168.5.129,308
asm08.c01.l.synthgeno.global:8989,307
localhost:1234,307
marmoset.dna.bio.keio.ac.jp,306
togodb.kazusa.or.jp,306
hpoly.nematodegenomes.org,306
dev.palm-comparomics.southgreen.fr,305
dgdarcher4.chop.edu,303
10.71.115.70,301
jbrowsevar.renlab.org,301
147.99.112.52,300
10.43.32.112:8301,299
10.35.229.179,299
10.46.33.102:8443,298
10.11.16.29,297
172.25.69.30,296
192.168.34.39,295
10.128.48.24:3002,295
gpsdev.pdx.aws,293
furlonglab.embl.de,292
cluster.florimond-desprez.fr,291
gmod.ncgas.indiana.edu,291
palm-genome-http.cirad.fr,290
www.plabipd.de,289
localhost:83,289
dgr.dasmaninstitute.org,288
134.121.247.55,288
apollo.nematodegenomes.org,287
aardwolf.bio.indiana.edu:7082,287
cmdcolin.github.io,286
jjwanglab.org,281
jbrowse.roche.com:8080,281
133.6.126.90,280
192.168.80.21,279
www.yuyufei.cn,278
172.28.1.200:1336,277
jbrowse.molgenrug.nl,276
10.1.1.22,276
ibs-bosiljkat-ux1:8787,275
210.46.80.146,272
arusha.nhgri.nih.gov,270
sunlab.cau.edu.cn,269
localhost:1337,268
172.16.202.2,267
ws.g-language.org,267
zhoulab5.rccc.ou.edu,266
cmb.bnu.edu.cn:8088,266
192.168.1.230:8081,265
172.28.1.169:1338,264
172.32.67.158:8080,263
bio-dev-jbrowse-01.dev.rd.rijkzwaan.net,263
10.200.150.118,262
192.168.138.94,262
daudin.icmb.utexas.edu,261
aegilops.wheat.ucdavis.edu,261
jorvisvm-lx.igs.umaryland.edu,261
jbrowse.jcvi.org,260
jbrowse.ncgas.indiana.edu,260
10.0.12.60,257
hidenaga2.nig.ac.jp,256
portal.vartotal.net,256
10.207.146.10,256
www.interomics.eu,253
202.90.159.218,252
localhost:9200,252
192.168.52.243,251
bioinfo.imtech.res.in,251
localhost:81,250
sysbio.informatics.iupui.edu,250
genomes.missouri.edu,249
192.168.100.250,249
ceres.snu.ac.kr:9991,249
regadb.bahia.fiocruz.br:8080,248
wallaby.nig.ac.jp,247
103.18.1.187,246
166.104.77.48,246
gpsdevqa.pdx.aws,245
dictybase.org,244
10.18.74.209:8084,244
orca2.tamu.edu,242
jbrowse.ag.epa.gov,242
localhost:8092,242
129.130.90.211,241
192.168.118.5:8980,240
chlorella.unl.edu,239
esharkgenome.imcb.a-star.edu.sg:8000,234
girg.um.edu.my,233
192.168.1.203,233
megabat.nig.ac.jp,233
gwas-browser.nygenome.org,232
lint78.pythonanywhere.com,232
150.254.122.197,231
192.168.14.85,231
172.28.1.200:1338,230
jbrowsephoenix.abudhabi.nyu.edu,229
archeranalysis-prod,228
bison:3013,228
133.26.84.168,226
dv-node-02.age.mpg.de:8080,225
vbioinfoval,222
10.33.106.121,222
133.26.84.101,222
nike.snu.ac.kr:7779,221
szagenann.szbk.hu,220
133.26.84.82,218
clogmia.test.crg.eu,218
www.ashgenome.org,217
172.20.20.240,217
192.168.16.30,215
tebichi.oist.jp,214
bison:3015,214
0.0.0.0:1337,214
cr28603.uzbrussel.be:83,214
nina,213
ssf-aqg-wsk03,212
185.45.23.197:5080,211
bce.bioetanol.cnpem.br:8080,210
www.syntheticyeastresource.com,209
cloud-48.genouest.org,209
127.0.0.1:8080,208
10.124.128.172,208
134.192.156.42,205
10.8.10.149,205
hank.bio.ed.ac.uk,205
chogenome.org,204
bitdev.ent.iastate.edu,204
if-plp-haustorium2.ad.ufl.edu,204
urgi.versailles.inra.fr,203
code4dna.com,203
10.96.114.52:8301,203
olympus.unige.ch:8080,203
ec2-52-34-166-222.us-west-2.compute.amazonaws.com,203
10.0.0.15,202
10.19.8.64,202
webapollo.lepbase.org,202
gbrowse-dev:9080,202
172.16.203.26,202
emboss.abc.hu,201
jbrowsebios.com,201
simrbasedev.sgc.loc,201
db.edbc.org,200
sgn-test.sgn.cornell.edu,200
apollo02:8080,200
132.66.114.84,199
192.168.0.7,199
archer407.chop.edu,198
10.37.0.243,198
tomato-webapollo.sgn.cornell.edu,197
139.165.112.30,197
141.244.134.147,197
caesar.dna.affrc.go.jp,196
157.92.24.222:8081,195
ivis-dev:8010,195
147.100.164.47,194
moffittdev2.pieriandx.com,194
10.176.253.77,193
web.malab.cn,193
bf2i126.insa-lyon.fr:1980,193
amphimedon.qcloud.qcif.edu.au,192
cicarvardb.icrisat.org,192
compbio.korea.ac.kr:8080,191
linux23.iah.ac.uk,190
gensas.bioinfo.wsu.edu:8080,190
lfz043.ust.hk,190
bias4.nibb.ac.jp:8113,189
gbrowse-dev.corp.zoetis.com:9080,189
127.0.0.1:3000,189
192.168.78.133:1339,189
vbioimage-jbrowse.ibmp.unistra.fr,189
wikigenomes.org,189
ngsnd001.jpn-pharm.ad.local:8080,188
192.168.20.99,188
122.205.95.122,187
10.235.225.248:8080,187
210.72.92.144,187
dh135,187
118.159.189.228,186
www.angiosperms.org,186
assest.maze.co.jp,185
inil-genome.xcoo.jp,185
192.168.100.62,185
localhost:9000,185
0.0.0.0:8000,185
202.116.90.9,185
129.15.40.234:7997,184
stripedbass.animalgenome.org,183
genome.brain-map.org,183
jbrowse.igs.umaryland.edu,182
genomes.bioinf.nioo.knaw.nl,182
dog.medisapiens.com,182
10.10.155.175,181
jbrowse111.tgac.ac.uk,181
cosmic.dev.sanger.ac.uk,180
bioinfo.bas.roche.com:8080,180
plantomics.mind.meiji.ac.jp,180
cornut.org,180
10.4.2.11:9002,180
119.15.169.70,180
hastings.hmgc.mcw.edu,179
210.72.156.24,179
rayfin.uoregon.edu,179
210.46.85.201:8080,178
spruce.plantphys.umu.se:8105,176
207.162.243.6,175
219.245.195.47,175
10.10.83.81,174
rest.rgd.mcw.edu,174
crdd.osdd.net,173
methusalix.biomax.de:8840,172
cerbero.ba.itb.cnr.it,171
seadb.org,170
10.199.24.250,170
147.99.255.142,170
10.10.10.128,169
momo.lanl.gov,169
210.218.222.110:8080,167
www.phyzen.com,166
kitbase.ucdavis.edu,165
docker:8080,165
steinmetzlab.embl.de,164
chicken-repeats.inra.fr,164
140.113.29.227:49998,164
gb.csdb.cn,163
153.150.121.50,162
bivouac.rockefeller.edu,161
10.234.10.116,161
192.168.1.101:8080,161
kona.nhgri.nih.gov,160
bioinfo.bti.cornell.edu,160
genom.litbang.pertanian.go.id,159
expose.ethz.ch,159
localhost:8002,159
localhost:8302,159
spore.ibb.waw.pl,159
neuroseq.janelia.org,158
10.88.34.207:8443,158
jbrowse-nrgene-server,158
210.46.85.200,157
geniecms.org,157
222.195.93.172,157
www.burkholderia.com,157
210.34.81.56,157
192.168.52.169,156
28.11.141.13,156
www.termitegenome.org:8080,155
marmoset-genome.xcoo.jp,155
chambo.umd.edu,154
192.168.1.37,154
192.168.0.5,154
137.205.123.127,154
192.168.0.21,153
122.224.130.170:8008,151
chrx:8080,151
133.48.58.38:8080,150
bronco.swmed.edu,150
217.146.218.134,150
dmb-cosmic.sandbox.sanger.ac.uk,149
10.22.55.192,149
gif-server.biotech.iastate.edu,149
137.189.43.208,148
x-staging.platomics.com,148
datil:8081,148
172.31.7.93,148
141.40.254.27:8080,148
192.64.83.141,148
cnidarians.bu.edu,147
10.128.48.24:8080,147
www.xenmine.org,146
dreamgenics03,146
192.168.0.100,146
lbb.cnpae.embrapa.br,146
ukapdlnx005.ukapd.astrazeneca.net,145
galaxy-epi:8086,145
adama.ifr.ibpc.fr,145
www.cgr.liv.ac.uk,144
fungalgenomics.science.uu.nl,144
vert.fri.uni-lj.si,144
m6a.renlab.org,142
138.4.136.220,141
apollo-dev.nal.usda.gov:8080,141
54.200.4.180,141
birdbeta.isisph.com,139
vbsg-ngyll2.vbsg.slu.se,139
arca1,139
127.0.0.1:5000,139
x-test.platomics.com:10005,139
langelabtools.wsu.edu,138
sweetpotato-dev.plantbiology.msu.edu,138
musaceae.plantbiology.msu.edu,138
163.9.71.34,137
mimus.ca.sandia.gov,137
knowpulse.usask.ca:8082,136
52.18.1.94:9050,136
172.17.34.21:1002,136
bioinfo.jit.edu.cn,135
nobel.gedv.pasteur.fr,135
ion.ctegd.uga.edu,134
icugi3.feilab.net,133
besc-portal.ornl.gov,132
www.ab.wur.nl,132
genome.lygos.com,132
192.168.20.19:8002,132
141.20.62.214,131
mothra.ornl.gov,130
192.168.5.61,130
137.189.43.131,129
147.188.173.114,129
130.192.168.211,129
10.0.7.66,129
server1.pgb.liv.ac.uk,128
na6,128
localhost:2000,128
158.108.145.118,128
bioinfo.deinfo.uepg.br,128
nod6,128
137.189.43.36,127
www.patric.local:3000,127
hpclife.th-wildau.de,127
10.88.33.78,126
172.28.1.100:1339,126
genomes.stowers.org,126
192.168.99.100,125
apollo.bioinformatics.itb.cnr.it:8080,125
121.184.62.20,124
browser.porteco.org,124
www.actinidia.nz:8080,124
jbrowse-test-1,124
192.168.20.109,124
seabassgb.sanbi.ac.za,123
als2077a-unix1.science.oregonstate.edu,123
scicomp-pc-1-1:8088,123
seqrete.tamu.edu:8080,123
211.57.200.66,123
ecompressa.nig.ac.jp,122
dev.cassava-genome-http.cirad.fr,122
52.7.10.141:8080,121
s-az-devarcher,121
bioseq:84,121
cmb.bnu.edu.cn:8084,121
210.34.84.49,121
galaxy-epi,121
cedarssinaiopsqa.pdx.aws,121
dev.wormbase.org:9003,120
apollo.omeally.com,120
genoweb.toulouse.inra.fr,120
ceres.snu.ac.kr:9992,120
165.246.44.43,119
bugbears.ncbs.res.in,117
10.46.33.18:8443,116
52.36.33.8:8443,116
172.24.4.39,116
bioext02.eva.mpg.de,116
koke.asrc.kanazawa-u.ac.jp,115
bo.csam.montclair.edu,115
webblast.ipk-gatersleben.de,114
10.68.225.43,114
rmbreeding.net,114
compute2.bioinfo.wsu.edu,114
192.168.87.125,114
graveleylab.cam.uchc.edu,114
matsui-lab.riken.jp,114
meg.sciencedesigners.com,114
maize.jcvi.org,113
jbrowse.dobzhanskycenter.org,113
192.168.1.6,113
brie.cshl.edu:8080,113
192.168.150.171:8080,113
dpuk.digitalhealthlabs.com,113
192.168.0.24,113
192.168.1.103:8080,113
biominer-b2b.hci.utah.edu,113
www.lmb.cnptia.embrapa.br,113
10.200.55.15,113
www.angiosperm.org,113
10.22.55.182,112
192.168.20.39,112
solgenomics.org,112
chogenome.am.lilly.com,112
mmb.pcb.ub.es,111
192.168.50.128:1338,111
kumamushi.org,111
52.8.52.29,110
glassqa.phibred.com:8081,110
202.195.250.106:8080,110
agripestbase.org,109
chominis-curation.igs.umaryland.edu,109
localhost:5000,109
polebio.lrsv.ups-tlse.fr,109
olympus.unige.ch,108
hazelnut.blast.mocklerlab.org,107
beta.pseudomonas.com,107
192.168.118.225:8080,107
piton.eb.local:8000,107
91.134.141.45,107
goose:8090,106
informatics.medimmune.com,106
hentze2.embl.de,106
archer.enzymatics.com,105
cluster-dev.florimond-desprez.fr,105
scripts-dev.jcvi.org,105
peanutbase-stage.agron.iastate.edu,105
10.171.5.38:8081,105
silkbase.ab.a.u-tokyo.ac.jp,104
cmb.bnu.edu.cn:7712,104
simrbase.sgc.loc:8080,103
pieriandxopsqa.pdx.aws,103
jcdb.xtbg.ac.cn,103
spore.ibb.waw.pl:8080,103
antgenomes.org,102
tools.psc.riken.jp,102
modem.hzau.edu.cn,102
192.168.1.199,102
192.168.1.119,102
genomics.fcav.unesp.br,102
abrpi.genome.edu.au,102
sbsngsserver.biochem.uci.edu,102
clover-garden.kazusa.or.jp,101
172.17.191.8,101
10.118.36.237,101
192.168.14.101,101
bio.jsm.co.jp,100
knowpulse2.usask.ca,100
pgdbj.jp,100
trident.stjude.org,100
141.219.190.29,100
data.sciapps.org,100
localhost:5801,100
hinton-jbrowse.s3-website-eu-west-1.amazonaws.com,100
syntheticyeastresource.com,99
amborella.uga.edu,99
www.asgdb.org,99
10.230.9.182,99
genome.univ-perp.fr,99
127.0.1.1,99
139.196.7.224:8080,99
www.bio-bigdata.net,98
na-no-imac.local,98
129.186.142.33:8080,97
dev.wormbase.org:10004,97
mary:8080,97
158.109.215.68,97
52.41.107.111:8443,97
mmo.sb-roscoff.fr,96
export.uppmax.uu.se,96
137.215.75.30,96
ellens-macbook:8001,96
10.33.1.179,96
222.200.187.174,96
gva.cornut.org,96
59.79.248.217,96
141.40.254.2:7080,95
localhost:8889,95
192.168.1.98,95
gbr-apollo.zfmk.de,95
www.hentze.embl.de,95
192.168.2.79,95
192.168.0.108,94
192.168.100.151:8072,94
172.28.1.113:1245,94
transgenicmutationmodels.badrodent.com,94
172.20.20.241,94
www.thines-lab.senckenberg.de,93
xdev12.l.synthgeno.global,93
localjbrowse-1.12.0,93
124.207.226.177:8081,93
10.103.30.202:8080,93
results.genoma4u.com,92
biogrinder.ims.net,92
ncig-genomebrowser.anu.edu.au,92
10.163.242.36,92
10.85.1.95:8080,92
fierstworms.ua.edu,92
192.168.1.168,91
140.109.57.178,91
52.38.206.65:8443,91
archer.archerdx.com,90
eco-thomas1,90
10.211.55.6:8080,90
threebeesdev.biogemma.fr,90
xbo.genome.arizona.edu,89
157.92.24.222:8080,89
gcc.genome.edu.au,89
localhost:5800,89
jbrowse.oropetium.org,88
a130-galaxy:8585,88
199.133.225.19,88
goblin2.medisapiens.com,87
dev.banana-genome-http.cirad.fr,87
dataset-explorer:8082,87
192.168.59.103,87
localhost:9090,87
192.168.7.11:8080,87
192.168.202.128,86
sponge.bio.indiana.edu,86
mib.amu.edu.pl,85
eco-blast1:8080,85
52.26.230.25:8443,85
alphagenomixopsqa.pdx.aws,85
203.101.228.52:8080,85
genome-ihpe.univ-perp.fr,84
ramularia.org,84
pennycress.umn.edu,83
apollo.koalagenome.org,83
staph.unavarra.es:10080,83
phylofish.sigenae.org,83
10.0.0.193:8080,83
africanrice.abudhabi.nyu.edu,83
10.13.200.25,83
sappdev.wurnet.nl,83
piton.eb.local,83
bf2i300.insa-lyon.fr:1980,83
bison:3000,82
efishgenomics.zoology.msu.edu,82
jbrowse.yeastgenome.org,82
bhgbrpub02.jax.org,82
25.20.236.19,82
www.solgenomics.com,82
ceres.snu.ac.kr:9990,82
10.200.55.55,82
141.42.185.37,81
homd.org,80
nutcase.biosci.ki.se,80
192.168.1.10,80
gpsopsqa.pdx.aws,80
biofrontiers.mind.meiji.ac.jp,80
192.168.56.102:1337,80
brd.isisph.com,79
140.113.15.88,79
140.112.94.71:8085,79
210.36.48.182,79
sf2-farm-srv2.internal.sanger.ac.uk:35500,79
demoopsqa.pdx.aws,79
ht03.pf.chiba-u.jp,78
stage.jbrowse.southgreen.fr,78
pipelines.crrd.mcw.edu,78
192.168.1.201,78
genome.microbedb.jp,78
10.0.10.6,78
10.123.8.41,78
pi.es.dupont.com,77
138.37.58.52:8080,77
bcaballi-curation.igs.umaryland.edu,77
192.168.30.216:1561,77
10.37.0.245,77
bioinfo.vanderbilt.edu,76
10.16.18.236,76
furlongweb2.embl.de,76
ec2-52-63-181-136.ap-southeast-2.compute.amazonaws.com,76
192.168.1.150,75
gemdbj.ncc.go.jp,75
192.168.56.101:8080,75
172.25.137.88:9033,75
172.24.108.82,75
152.7.99.245,75
sulab.scripps.edu:8080,75
119.6.97.227:7076,74
192.168.8.246:9935,74
dev1.platomics.com,74
114.214.166.79,74
dbsecsys.bhsai.org,74
algorithms.cnag.cat,73
bioweb.eva.mpg.de,73
fs3.bio.titech.ac.jp,73
vbrowser.delta18.com:8000,73
10.128.48.24:3001,73
local.jbrowse,73
inilme-dev,72
scps-web1,72
192.168.2.93,72
115.146.90.226,72
133.48.58.6:8080,72
informatics,71
160.36.207.15:8888,71
cloud.life.tsinghua.edu.cn,71
pave.niaid.nih.gov,71
dev.pseudomonas.com,71
cazy212.afmb.local,71
dev.www.flyrnai.org,70
moea01.u.hpc.mssm.edu,70
fernbase.org,70
thehive.otago.ac.nz:8080,70
192.168.2.4,70
133.26.84.80,69
www.medswine.net,69
proimix.proimi.org.ar,69
bison.nzcorp.net:3015,69
flower.bio.uni-potsdam.de,69
www.cassavabase.org,69
bioinf-portal.kws.de,69
proteinmodelling-server.swansea.ac.uk,69
lipm-browsers.toulouse.inra.fr,69
results.biomol-ngs.com,68
ngsnpl.private.bii:8080,68
lifs001.ust.hk,68
damavand.cs.colostate.edu:8080,68
192.168.1.26,68
s9.sars.no,68
172.25.92.187:999,68
archer.fhcrc.org,68
conger.bio.indiana.edu:7001,68
172.21.5.42,67
52.90.2.21:8080,67
asm-microsvcs01.l.synthgeno.global:8989,67
gbrowse.igatechnology.com,67
jbrowse.usav1svgend02.ambrygenetics.local,67
10.253.21.10,66
dev.crrd.mcw.edu,66
thaney-curation.igs.umaryland.edu,65
helix.ewi.tudelft.nl,65
dev.ngc.mcw.edu,65
datasets.app:8002,65
n4-189-16.icb.ufmg.br:8888,65
aea.sysu.edu.cn,65
apollo02:8443,65
petunia.sgn.cornell.edu:8080,64
george.missouri.edu,64
192.168.18.84:8080,64
ec2-54-67-97-132.us-west-1.compute.amazonaws.com:8080,64
210.72.92.207,64
bioinfo.ihb.ac.cn,64
jbrowse-7el-server,64
10.88.34.206:8443,64
54.71.236.147:8080,64
www.serioladb.org,64
ec2-54-165-168-67.compute-1.amazonaws.com,64
beta.burkholderia.com,63
192.168.1.14,63
watson.plantphys.umu.se:9050,63
52.40.166.60:3000,63
192.168.101.30,63
10.96.116.58:8080,62
140.109.55.18,62
localhost:8765,62
10.104.101.112,62
188.166.173.208,62
hiro.cs.nmsu.edu:8082,62
putmantime.github.io,62
browser.cgi.bch.uconn.edu,62
hiro.cs.nmsu.edu:8083,62
breve.nhgri.nih.gov,61
dev.bff.cirad.fr,61
x-test.platomics.com,61
52.26.92.28,61
localhost:8443,61
172.24.5.29:7894,61
114.242.245.42:8080,61
www.hymenopteragenome.org,60
bioinfo5.ugr.es,60
efam.nzcorp.net:3030,60
192.168.100.151,60
bf2i300.insa-lyon.fr:7080,60
jbrowse.genereg.net,60
moffittopsqa.pdx.aws,60
venturia.plantbiology.msu.edu,60
zaglossus.biotech.cdc.gov,60
www.bio-bigdata.com,60
192.168.1.9:8900,60
jbrowse.renlab.org,59
grape2,59
10.51.226.125:8443,59
twsaari.com,59
gbrowse2016.biology.gatech.edu,59
195.251.21.101,59
124.17.27.214,58
180.76.133.240:28080,58
parasitoids.labs.vu.nl,58
129.206.53.229,57
st131data.liv.ac.uk,57
10.96.114.59:8301,57
192.168.1.182,57
myosotis,57
52.29.104.107,57
v0720:8080,57
nblrrome.tuebingen.mpg.de:8080,57
192.168.1.8,56
123.136.65.117,56
bioinformatics.sandia.gov,56
192.168.50.162,56
10.34.229.84,56
owen.rgd.mcw.edu,56
jt6-cosmic.sandbox.sanger.ac.uk,56
192.168.1.35,56
zombie.bioxray.au.dk,55
grch37-cancer.dev.sanger.ac.uk,55
gene.clinic,55
stage.banana-genome-http.cirad.fr,55
202.116.74.52,55
10.10.41.223,55
192.168.1.5,55
chrx,55
138.253.197.246,55
beeblebrox.bc.ic.ac.uk,54
134.192.156.78:8080,54
kzdl6022.corp.zoetis.com:9080,54
urgi148:8080,54
galaxy.dna.affrc.go.jp,54
vpbrowse.org:8000,54
10.88.34.171:8443,54
10.18.101.89,54
localhost:3232,54
assembly.ab.wurnet.nl:8007,54
www.gensas.org,54
assembly.ab.wurnet.nl,53
10.11.210.66:8085,53
10.0.0.210,53
52.37.44.98,53
192.168.100.65,53
galaxy-1,53
10.0.0.2,53
phytozome-olddev.jgi.doe.gov,52
www.cgr.liv.ac.uk:8088,52
bugs.sgul.ac.uk,52
192.168.8.246:9988,52
10.11.210.67:8085,52
www.ibinom.com,52
192.168.202.9,52
10.0.0.3,52
cassava-genome.ciat.cgiar.org:81,51
mpc-jbrowse.phc.ruhr-uni-bochum.de,51
tauber-data2.haifa.ac.il:3000,51
ngspipelines-sigenae.toulouse.inra.fr,51
218.106.247.81,51
raid2016.nibb.ac.jp:8000,51
iris.angers.inra.fr,51
132.236.156.138,51
10.0.0.29,51
10.0.12.64,51
genebrowser.lifemodules.org,50
kyle.hmgc.mcw.edu,50
54.201.104.101,50
10.88.36.49,50
172.16.0.173:8080,50
analysis.qa.enz.local,50
localhost:38080,50
172.20.20.244,50
sulab.scripps.edu:8000,50
180.208.58.19:8000,50
128.172.67.56,49
genome.taejoonlab.org,49
192.168.56.102:8080,49
127.0.0.1:8888,49
genome-browser.indiana.edu,49
132.236.156.159,49
127.0.0.1:3232,49
hardwoodgenomics.org,48
172.16.0.171:8080,48
165.91.108.136,48
dev.burkholderia.com,48
localhost:5555,48
benthamiana.sgn.cornell.edu,48
192.168.118.48:8080,48
vm65-189.iplantcollaborative.org,48
mgenome.nig.ac.jp,48
hegemon.ucsd.edu,48
mimi,48
lxwsdkc017.phibred.com:8080,48
150.164.24.16:8888,47
104.197.0.186,47
192.168.5.160,47
webapollo.ppglab.org,47
10.19.8.178,47
172.20.20.242,47
garfield2.dobzhanskycenter.org,46
145.18.222.224,46
gbrowse2015.biology.gatech.edu,46
xt.reefgenomics.org,46
fuchshai.geomar.de,46
crispr.renlab.org,46
www.genomevolution.org,46
10.51.226.126:8443,46
ligia.bioinf.be,46
biskup.biowiki.org,46
novopc5,46
192.168.0.107,46
10.102.32.27,46
ivis-dev.corp.personalis.com:8081,46
genomes.chemie.uni-greifswald.de:8080,45
genomics.si.edu.s3-website-us-east-1.amazonaws.com,45
www.birchgenome.org,45
phytozome-dev.jgi.doe.gov,45
www2.bc2.unibas.ch,45
service.dev.sgi.bio,45
spruce.plantphys.umu.se:8102,45
deenabio.ddns.net:8888,45
210.72.92.156,45
10.209.0.204,45
sc.reefgenomics.org,44
vinculin.ucd.ie,44
demodev2.pieriandx.com,44
test.ibinom.com,44
www.fabienpichon.com,44
sgenome,44
floridahospitalopsqa.pdx.aws,44
assembly.ab.wurnet.nl:8082,44
140.110.17.13,44
152.7.99.249,44
10.0.53.138,44
palm-genome.cirad.fr,43
bils-web.imbim.uu.se,43
134.192.156.48,43
192.168.1.230,43
img-jbrowse-test.jgi.doe.gov,43
burkholderia.com,43
assay.sandbox.enz.local,43
icugi1.plantshub.net,43
heliodor.nki.nl,43
192.168.1.38,43
10.153.182.182,42
172.21.7.71,42
rpcazy.afmb.univ-mrs.fr,42
ec2-52-3-164-181.compute-1.amazonaws.com,42
192.168.122.92,42
q2opsqa.pdx.aws,42
hackensackopsqa.pdx.aws,42
simrbase,42
novopc3,42
revgenomics.com,42
bioinformatica.cenicana.org,42
simrbasedev.sgc.loc:8080,42
titan,42
localhost:5802,42
202.116.161.95:10086,42
rpbuvgalaxyd.ple.roche.com:8080,42
megraw.cgrb.oregonstate.edu,41
biocloud.cngb.org,41
bowhead-whale.org,41
150.164.24.106:8008,41
10.201.158.202:88,41
akh-staging.platomics.com,41
csgenome.sggw.pl,41
ec2-52-53-234-20.us-west-1.compute.amazonaws.com:8080,41
tu07.fralin.vt.edu:8080,41
192.168.209.128,41
ec2-54-158-125-50.compute-1.amazonaws.com,41
52.91.70.59:8080,40
210.46.85.180:8080,40
lipm-hal.toulouse.inra.fr,40
10.37.0.241,40
aestivum:8080,40
192.168.50.206,40
dev1.ab.wurnet.nl:8006,40
ec2-54-209-241-186.compute-1.amazonaws.com,40
10.253.21.69,40
seeders.iptime.org:6280,40
erp.novelbio.com,39
www.cbrc.kaust.edu.sa,39
arabica.nhgri.nih.gov,39
147.46.172.224,39
mmodev,39
localhost:32130,39
edgeset.lanl.gov,38
cloud-51-103.hpc.okstate.edu,38
labbioinfo.ufpel.edu.br,38
bda205.us.osc.oracle.com:7003,38
10.88.36.27:4008,38
192.168.1.116,38
cassava-test.sgn.cornell.edu,38
jbrowse.corp.zoetis.com:9080,38
192.168.0.47:8085,38
ec2-54-87-252-109.compute-1.amazonaws.com,38
10.6.1.26,37
120.25.220.32:7777,37
zdglab.iimcb.gov.pl,37
10.2.42.26,37
solgenomics.wur.nl.,37
52.7.10.141,37
genome.monarchinitiative.org,37
assembly.ab.wurnet.nl:8081,37
10.46.169.69:8080,37
ava4.usav1svgend02.ambrygenetics.local,37
bioinf.xmu.edu.cn,36
jbrowse-beta.labs.intermine.org,36
147.49.40.133,36
vert.biolab.si,36
nfmc.res.in,36
www.phgenome.org,36
140.113.111.81,36
stage.banana-genome.cirad.fr,36
192.168.5.172,36
galaxydev.sanbi.ac.za,36
demo3.genaris.com,36
146.148.66.109,36
jbrowse.wrightsman.io,36
ec2-54-167-182-30.compute-1.amazonaws.com,36
gpsdevp.pdx.aws,36
moffittdevqa.pdx.aws,36
localhost:10002,36
140.112.183.208:49994,36
xenbase-bio1.ucalgary.ca,36
plant1.kazusa.or.jp,35
10.20.2.26,35
test.ibinom.com:8200,35
cbr1.inbiosis.org,35
10.116.52.10,35
vm64-197.iplantcollaborative.org,35
rhesus.amu.edu.pl,35
jbrowse.biochen.com,35
192.168.1.229:8081,35
120.27.120.99,35
genomes.anatomy.otago.ac.nz,35
172.21.198.120,35
172.20.20.238,35
bf2i300.insa-lyon.fr:8080,35
cuarchp.ucdenver.pvt,35
52.5.56.20,34
mos.nzcorp.net,34
10.10.213.57:5000,34
192.168.0.100:8000,34
local.database.com,34
10.20.14.32,34
efam.nzcorp.net:3015,34
ir1pvm-archer1,34
10.130.24.200:8003,34
albiorix.bioenv.gu.se,34
worker4.cornut.org,34
www.thenerdwerks.com,34
dynamiterice.org,34
142.150.214.76,34
sina.lbl.gov,34
prashantiopsqa.pdx.aws,34
arctsts.enhnet.org,34
mysites,34
edwapollo.babs.unsw.edu.au,34
bika.sanbi.ac.za:8080,34
192.168.1.65,34
ec2-52-91-124-202.compute-1.amazonaws.com,34
meta.uoregon.edu,33
chlamy.abudhabi.nyu.edu,33
141.89.223.169,33
sop1rna.inra.fr,33
dh1981,33
192.108.24.34:8086,33
maize-dev.jcvi.org,33
172.17.21.155,33
192.168.20.69,33
agbioinfo.utk.edu:8080,33
neo.snubi.org:9595,33
reich.hms.harvard.edu,33
202.121.178.198,33
plantsmallrnagenes.psu.edu,32
tbioinfopb1.pine-biotech.com:3000,32
192.168.50.235,32
www.bovinegenome.org,32
gregorylab.bio.upenn.edu,32
10.21.146.160,32
192.168.1.20,32
192.168.222.16,32
wrightsman.io,32
192.168.100.154,32
hsp.e-nome.xyz,32
sjcbioweb01.driscolls.com:8080,32
wakeforestopsqa.pdx.aws,32
52.39.183.154:3000,32
ec2-52-91-159-21.compute-1.amazonaws.com,32
d3ryb6fdebgpg.cloudfront.net,32
tfiid.med.harvard.edu,32
seeders.iptime.org:3480,32
192.168.56.104:1337,32
192.168.225.23,32
test.sb-roscoff.fr,32
192.168.2.3,31
200.89.72.124,31
86.119.30.126,31
bias4.nibb.ac.jp:8093,31
172.28.1.172:1337,31
localhost:9033,31
192.168.11.12,31
jbrowse.lisanwanglab.org,31
rd-jbrowsedev.app.pmi,30
ellens-macbook.dil.private.cimr.cam.ac.uk,30
133.28.110.70,30
jbrowse-test.genereg.net,30
141.244.133.166,30
genomics00.bio.tamu.edu,30
www.hardwoodgenomics.org:8080,30
cassavabase.org,30
galaxylab.mcmaster.ca,30
10.200.0.171,30
192.191.192.157,30
bd.lisanwanglab.org,30
200.239.83.23,29
172.20.174.141,29
192.248.21.80:8084,29
gbrowse2014.biology.gatech.edu,29
10.100.0.67,29
miamiopsqa.pdx.aws,29
fs000:28080,29
dev1.ab.wurnet.nl:8007,29
192.168.0.13:8900,29
129.206.99.165:31415,29
200.145.102.30,29
10.110.156.234:84,28
ec2-52-90-189-56.compute-1.amazonaws.com,28
130.37.53.26,28
172.21.198.221,28
ngc.mcw.edu,28
192.168.50.205,28
10.34.229.134,28
sid.projects.mrt.ac.lk:3000,28
genome.enome.io,28
edged128.lanl.gov,28
10.44.233.61:8443,28
134.192.156.201:8080,28
hhvarcherp01.tmh.tmhs,28
10.10.10.40,28
192.168.56.5,28
nfingb.fli-leibniz.de,27
cypress,27
172.28.1.113:1919,27
172.28.1.113:1234,27
db.cngb.org,27
citrusgreening-test.sgn.cornell.edu,27
mcg.ustc.edu.cn,27
analysis.dev.archerdx.com,27
sgd-ng2.stanford.edu,27
172.28.1.173:1338,27
10.8.10.54,27
172.20.20.103,27
ec2-54-164-161-148.compute-1.amazonaws.com,27
54.186.33.153:8443,27
128.233.222.29,27
arabica-tmp.nhgri.nih.gov,27
10.47.117.110,27
10.128.48.24:8083,26
ai-jbrowsedev1.niaid.nih.gov,26
150.254.121.200,26
marinegenome.kr,26
192.168.100.3,26
127.0.0.1:9999,26
128.114.79.12:8888,26
myerslab.bu.edu,26
bcid.ca,26
ipomoeanil.nibb.ac.jp,26
genome.uoregon.edu:8080,26
dpuk2.arcca.cf.ac.uk,26
127.0.0.01,26
143.169.52.58,26
thehive.otago.ac.nz,26
36.110.17.162:8081,26
a017434:8080,26
10.18.0.21,26
52.37.237.120:8443,26
138.37.56.77,26
129.194.89.207:8080,26
172.17.0.1:8080,25
54.174.141.84:8080,25
192.168.1.39,25
10.11.210.37:8085,25
10.4.4.76,25
rosaceae.org,25
10.21.147.30,25
users.soe.ucsc.edu,25
sjcbiodev.driscolls.com:8080,25
s01plx02.technet.akhwien.at,25
osler.rgd.mcw.edu,25
192.168.147.157,25
iita-mirror.cassavabase.org,25
archer410-4.chop.edu,25
www.artichokegenome.unito.it,25
160.10.11.179,25
172.16.54.4,25
analytics.itb.cnr.it,25
192.168.99.100:32770,25
antibody-vm2.pfizer.com,25
114.214.167.30,25
134.192.156.202:8080,25
59.79.248.12,25
10.188.181.12,25
thoba.sanbi.ac.za:8088,25
ec2-52-91-78-14.compute-1.amazonaws.com,25
ec2-54-237-195-135.compute-1.amazonaws.com,25
ec2-54-174-154-245.compute-1.amazonaws.com,25
biowebprod01.nhgri.nih.gov,24
192.168.1.7,24
zed.tacc.utexas.edu,24
137.131.57.86,24
coffee-genome.southgreen.fr,24
local.paratera.com,24
nutcase.mbb.ki.se,24
assembly.ab.wurnet.nl:8006,24
localhost:15180,24
ellens-macbook.local:8001,24
serinus.hci.utah.edu,24
192.168.53.203:9100,24
11.11.11.11,24
192.168.78.130:1339,24
192.168.50.15:1338,24
clovergarden.jp,24
gmod2,24
128.146.132.152,24
10.40.133.113,24
134.36.66.185,24
172.21.198.121,24
10.0.0.91,24
www.binypa.pe.kr,24
192.168.1.124,23
seabird.igs.umaryland.edu,23
birchgenome.org,23
www.legumeinfo.org,23
10.102.20.171:8080,23
microbial.biomax.de:8820,23
10.10.119.240,23
nlfij-s3003.rz.rijkzwaan.net:8000,23
hahn-lab-blast.bio.indiana.edu,23
titin.ucd.ie:8081,23
img-proportal-dev.jgi-psf.org,23
pentose.biomax.de:8084,23
caus.reefgenomics.org,23
157.99.105.147,23
52.87.186.190,23
ebbextern,23
52.38.205.133,23
10.74.218.50,23
152.7.99.244,23
bioserv-test,23
192.168.1.191:8080,23
localhost:49747,23
regadb.bahia.fiocruz.br,23
10.25.39.54:8010,23
122.205.72.236:8080,23
192.168.1.220:10001,23
localhost:63343,23
plabipd.de,22
dev.orygenesdb.cirad.fr,22
10.0.2.15,22
gigaton.sigenae.org,22
cmb.bnu.edu.cn,22
10.1.8.120:9000,22
test.ibinom.com:8888,22
iris.cgm.cnrs-gif.fr,22
10.73.10.12,22
155.41.205.107,22
nlfij-s2723,22
10.0.13.185,22
172.16.2.217:8080,22
evolution.nchu.edu.tw:5438,22
bouzouki.bio.cs.cmu.edu,22
localjbrowse.fr,22
192.168.50.14:1331,22
158.109.215.179,22
ec2-54-157-245-183.compute-1.amazonaws.com,22
aura.science.unitn.it.,22
www.area4.mi.cnr.it,22
202.195.250.106:8000,22
ec2-54-242-65-122.compute-1.amazonaws.com,22
172.20.20.234,22
10.88.33.44,22
device.integragen.com,22
show.genebang.com,22
192.168.1.27,21
bioinfo2.ugr.es,21
192.168.50.190,21
10.10.213.52:8000,21
10.6.0.75:8008,21
watson.plantphys.umu.se:8201,21
asgdb.org,21
192.168.99.100:9000,21
192.168.1.59,21
cancer-eeca.inbiosis.org,21
spider.0t0.jp,21
svane:3000,21
192.168.59.103:7894,21
fs000.ad62.riken.jp:9000,21
52.87.186.190:8080,21
10.200.10.87:8443,21
192.168.5.186,21
10.200.131.19,21
minimac.local:8080,21
134.7.57.219:8081,21
192.168.202.5,21
52.209.141.175:10042,21
133.39.116.55:8080,21
lmbv012.cnptia.embrapa.br:8080,21
immunobase.org,21
172.16.2.203,21
ec2-54-159-169-10.compute-1.amazonaws.com,21
199.241.162.79,20
fcgr.memphis.edu,20
parker:8081,20
192.168.20.247,20
ecoevo.unit.oist.jp,20
blast.vcholerae.com,20
sjcbiodev.driscolls.com:8085,20
genome1,20
rice.abudhabi.nyu.edu,20
10.7.0.213,20
xingene.net,20
v0675:8080,20
ellen-rh1:8000,20
rkalv058751.kau.roche.com:8080,20
10.140.65.127,20
cgp-jbrowse-dev.internal.sanger.ac.uk:9000,20
10.255.178.251,20
192.168.23.132,20
124.17.27.143:8080,20
ec2-54-209-16-254.compute-1.amazonaws.com,20
evolve.bio.titech.ac.jp,19
quiver.archerdx.com,19
bovinegenome.org:8080,19
nb7-cosmic.sandbox.sanger.ac.uk,19
biowebdev01.nhgri.nih.gov,19
dev.cassava-genome.cirad.fr,19
compute2.bioinfo.wsu.edu:8080,19
dev.medicinalplantgenomics.msu.edu,19
cgrd.hzau.edu.cn,19
ngspipelines.toulouse.inra.fr:9017,19
192.168.187.128,19
psga0415,19
img-proportal-dev.jgi.doe.gov,19
tools.1001genomes.org,19
ec2-107-23-126-211.compute-1.amazonaws.com,19
172.28.1.181:1339,19
dev:8023,19
192.168.13.43,19
cgp-jbrowse-dev.internal.sanger.ac.uk:9878,19
ec2-54-86-197-211.compute-1.amazonaws.com,19
ssl.biomax.de:8810,19
ec2-54-237-192-140.compute-1.amazonaws.com,19
ec2-54-242-247-5.compute-1.amazonaws.com,19
192.168.1.220:9996,19
172.16.2.210:8080,19
ec2-52-23-241-195.compute-1.amazonaws.com,18
pdev-bac.ncgr.org,18
kzdl6022:9080,18
scicomp-pc-1-1.mpi-cbg.de:8088,18
hlbws.sgn.cornell.edu,18
10.90.75.247:8080,18
61.130.10.146,18
localhost:8011,18
172.28.1.113:3214,18
10.128.48.24:3000,18
10.1.8.159:9001,18
192.168.1.71:8080,18
seeders.iptime.org:4880,18
172.17.1.18,18
ec2-54-85-252-36.compute-1.amazonaws.com,18
titin.ucd.ie:8080,18
10.34.229.114,18
genome.cornut.org,18
moffittdevp.pdx.aws,18
192.168.30.31,18
koeho006,18
192.168.5.203,18
jbrowse.deenabio.com,18
analysis.caris.archerdx.com,18
172.28.1.115:1339,18
0.0.0.0:3000,18
bioinformatics.fafu.edu.cn,18
210.72.92.128,18
cbs-bbrowse.oit.umn.edu,18
qbrc2.swmed.edu,18
52.202.175.109:8888,18
localhost:28080,18
ec2-54-158-219-1.compute-1.amazonaws.com,18
192.168.1.100,18
ec2-54-166-135-55.compute-1.amazonaws.com,18
10.24.227.235,18
will_mckinley_laptop.corp.personalis.com:8081,18
vollbrecht-jbrowse.gdcb.iastate.edu,18
ec2-54-158-209-12.compute-1.amazonaws.com,18
ec2-54-242-245-209.compute-1.amazonaws.com,18
genomes.stowers.org:8080,18
129.186.138.19:8080,18
134.192.156.46,17
localhost:10123,17
172.20.201.40:8080,17
cluniobase.cibiv.univie.ac.at,17
mnemon.oriongenomics.com,17
marmome-dev,17
ngspipelines-sigenae.toulouse.inra.fr:9052,17
192.168.1.24,17
bioinformatics.tecnoparco.org,17
edge-lugar:8000,17
0.0.0.0:8080,17
172.16.1.37,17
ec2-54-172-17-45.compute-1.amazonaws.com,17
77.235.253.188:8084,17
vm64-60.iplantcollaborative.org,17
54.172.138.205,17
hancock.rgd.mcw.edu,17
ftp.solgenomics.net,17
w-fgandolfi,17
43.240.99.150,17
localhost:8003,17
jlmwiki.plantbio.uga.edu,17
ngschool.eu,17
149.155.245.141,17
www.shengtinggenomics.com,17
10.7.82.205,17
localhost:9680,17
ecse001001be.epam.com:6900,17
ivis-dev.corp.personalis.com:8010,17
ec2-54-237-180-128.compute-1.amazonaws.com,17
ec2-54-237-222-182.compute-1.amazonaws.com,17
localhost:6802,17
ec2-54-172-42-129.compute-1.amazonaws.com,17
10.20.2.26:8081,17
ec2-54-93-97-212.eu-central-1.compute.amazonaws.com,17
54.174.148.149:8080,16
54.174.148.119:8080,16
insilico.iari.res.in,16
jbrowse.sviridis.org,16
ngspipelines-sigenae.toulouse.inra.fr:9065,16
192.168.11.40,16
im-dev.wormbase.org,16
192.168.2.2,16
cassavagenome.org,16
tcap.pw.usda.gov,16
54.213.211.40,16
coge.iplantcollaborative.org,16
genome2,16
pipelines.ngc.mcw.edu,16
10.10.92.142:8080,16
dgprodtest.westeurope.cloudapp.azure.com:8383,16
stab.st-andrews.ac.uk,16
togo05.genes.nig.ac.jp,16
ec2-54-175-34-13.compute-1.amazonaws.com,16
ec2-52-23-206-189.compute-1.amazonaws.com,16
dna.kps.ku.ac.th,16
bldr-tst-analysis-04,16
ec2-52-91-18-31.compute-1.amazonaws.com,16
140.113.29.227:49030,16
172.20.20.237,16
dev.tfiid.med.harvard.edu,16
candidagenome.org,16
ec2-52-201-228-7.compute-1.amazonaws.com,16
10.10.20.34,16
gdcsrv1.ethz.ch:8080,16
ec2-54-242-93-255.compute-1.amazonaws.com,16
ec2-52-87-229-196.compute-1.amazonaws.com,16
ec2-54-237-250-160.compute-1.amazonaws.com,16
ec2-54-211-59-227.compute-1.amazonaws.com,16
10.41.9.110,16
vm188031-genetik.hosting.uni-hannover.de:2342,16
52.54.120.19:1337,16
ec2-54-93-95-212.eu-central-1.compute.amazonaws.com,16
birdtest.isisph.com,15
10.75.119.196,15
50.193.138.51,15
medswine.net,15
osler.hmgc.mcw.edu,15
pfmakn.local,15
160.36.205.61:8080,15
pft1002.dna.affrc.go.jp,15
www.maizeinflorescence.org,15
dtra-edge-dev-01.biotech.cdc.gov,15
10.27.50.40,15
archeranalysis-dev,15
lmbv012.cnptia.embrapa.br,15
gmod-dev.nal.usda.gov:8080,15
x.platomics.com,15
plvpatharch1.mskcc.org,15
summit.bioinformatics.virginia.edu,15
ec2-54-183-179-235.us-west-1.compute.amazonaws.com:8080,15
dev.togogenome.org,15
10.112.31.15,15
10.11.52.132,15
52.38.161.181,15
arupopsqa.pdx.aws,15
www.ricebase.org,15
horan.rgd.mcw.edu,15
52.27.70.87,15
archer.ngslab,15
cuhkopsqa.pdx.aws,15
sand,15
192.168.78.131:1339,15
137.189.133.65,15
192.168.50.14:1332,15
127.0.0.1:8087,15
ec2-107-23-254-6.compute-1.amazonaws.com,15
markerbase.labkm.net,15
lipmcinfosc:32130,15
bldr-tst-analysis-10,15
ecse001001be.epam.com:69,15
172.20.20.235,15
172.16.2.216:8080,15
jbrowse.flybase.org,15
pioneer-d2.ncgr.org,15
59.79.248.80,15
117.17.178.179,15
pan,15
ec2-54-208-154-28.compute-1.amazonaws.com,15
ec2-54-237-168-149.compute-1.amazonaws.com,15
ec2-54-237-197-31.compute-1.amazonaws.com,15
133.6.22.11,15
jbrowse.bioinf.be,14
www.jbrowse.org,14
138.23.56.103,14
opendata.ifr.ac.uk,14
jbrowse.wi.mit.edu,14
qlap21v:8080,14
phytozome-dev.jgi.doe.gov:8081,14
52.34.253.71,14
qlap26v:8080,14
allbt.iptime.org,14
bartontools.dpb.carnegiescience.edu,14
brie.cshl.edu,14
jcvi06.tacc.utexas.edu,14
mug.platomics.com,14
bldr-tst-analysis-public-d,14
172.18.2.21,14
52.38.143.20,14
172.28.1.200,14
129.93.135.63,14
52.90.144.221,14
fs000.ad62.riken.jp:28080,14
104.197.32.231,14
watson.plantphys.umu.se:8098,14
schopsqa.pdx.aws,14
jbrowse.zflnc.org,14
jbrowse.bios.co:1561,14
10.253.21.59,14
ec2-54-208-0-65.compute-1.amazonaws.com,14
jbrowse.corp.personalis.com,14
pevzner.bioinformatics.nl:8008,14
192.168.101.123:8080,14
getdata.montp.inserm.fr,14
130.211.127.130,14
ec2-54-242-84-10.compute-1.amazonaws.com,14
172.16.64.128,14
ec2-54-198-161-223.compute-1.amazonaws.com,14
172.28.1.191:1002,14
10.88.25.48,13
spis.reefgenomics.org,13
141.244.40.218:10004,13
www.peanutbase.org,13
10.10.212.154:5000,13
192.168.0.171:8080,13
172.28.1.113:1111,13
122.228.158.106,13
61.130.10.146:8008,13
120.25.220.32:9988,13
www.oryzasnp.org:8080,13
asm07.c01.l.synthgeno.global:9090,13
ec2-54-153-15-107.us-west-1.compute.amazonaws.com,13
test.ibinom.com:8889,13
14.139.32.56,13
geco.iplantc.org,13
hanusch-staging.platomics.com,13
172.31.35.130,13
192.168.3.23,13
tu06.fralin.vt.edu:8080,13
uabopsqa.pdx.aws,13
192.168.78.128:1339,13
scatool01.takeda.co.jp,13
92.222.82.29,13
localhost:10001,13
52.39.58.132,13
170.212.222.50,13
172.20.20.233,13
www.niagads.org:8444,13
10.193.36.196,13
138.253.197.178,13
soichi7.ppa.iu.edu,13
bldr-tst-analysis-13,13
angiosperms.org,13
apollo02:8081,13
202.120.224.83:8081,13
130.92.155.128,12
10.1.1.252,12
52.91.53.30:8080,12
hts-etl-01.amyris.local,12
tuberculosis.bu.edu,12
10.26.27.12,12
192.168.1.129,12
vm64-238.iplantcollaborative.org,12
bioinfo-web.mpl.ird.fr,12
integromics-time.com,12
head-prod,12
202.116.161.95,12
localhost:9001,12
192.168.1.9:3000,12
vm65-163.iplantcollaborative.org,12
demo.digitalhealthlabs.com:8443,12
bigyo,12
dendrome.ucdavis.edu,12
genomics.digitalhealthlabs.com,12
galaxydev.sb-roscoff.fr,12
192.168.0.4,12
lbgi.fr,12
192.168.99.100:32772,12
ec2-54-197-22-148.compute-1.amazonaws.com,12
sxjbrowsex64d.biogemma.fr,12
203.201.62.93,12
maupiti,12
133.48.62.183,12
test.rgd.mcw.edu,12
ec2-52-90-133-25.compute-1.amazonaws.com,12
ec2-54-172-183-196.compute-1.amazonaws.com,12
mallorn.pirbright.ac.uk,12
ec2-54-84-248-49.compute-1.amazonaws.com,12
192.168.202.4,12
127.0.0.1:6894,12
angiosperm.org,12
192.168.76.54:8080,12
ec2-54-242-88-114.compute-1.amazonaws.com,12
ec2-54-226-69-195.compute-1.amazonaws.com,12
120.24.6.223:8088,12
course.ice.mpg.de,12
genome.arizona.edu,11
ngspipelines-sigenae.toulouse.inra.fr:9061,11
130.60.200.50,11
miseq.korea.ac.kr:8080,11
160.129.143.178:8080,11
127.0.0.1:6143,11
dc.calsnet.cornell.edu,11
server.net,11
morus.swu.edu.cn,11
watson.plantphys.umu.se:8202,11
cafeteriome.mpimf-heidelberg.mpg.de,11
192.168.1.49:8080,11
service.dev.awsv.l.synthgeno.global,11
172.17.249.231,11
fgcz-s-039.uzh.ch,11
127.0.0.1:8082,11
192.168.50.234,11
ashgenome.org,11
ec2-54-219-87-212.us-west-1.compute.amazonaws.com,11
fornax.mskcc.org,11
watson.plantphys.umu.se:8250,11
augnuga.pw.usda.gov,11
www.xingene.net,11
lipmcinfosc:1977,11
10.230.9.219,11
140.120.203.103:5438,11
54.210.225.43,11
192.168.1.203:8080,11
solgenomics.com,11
192.168.1.105,11
10.0.53.136,11
ec2-54-208-169-42.compute-1.amazonaws.com,11
www.animalgenome.org,11
www.titinviewer.net,11
s1.accurascience.com,11
10.122.251.40,11
jbrowse.johnburch.co.uk,11
10.1.10.23:8080,11
192.168.139.128,11
ec2-54-175-18-130.compute-1.amazonaws.com,11
54.235.230.202,11
tea,11
galaxy.ple.roche.com:8080,11
functionaldb.genome.ulaval.ca,10
www.rpfdb.org,10
133.11.2.41:8080,10
172.16.20.238,10
www.cpib.ac.uk,10
pfizer.bxgenomics.com,10
www.shengtingsystemsbiology.com,10
10.0.96.180,10
jbrow.se,10
asm08.c01.l.synthgeno.global:9090,10
localhost:8072,10
147.49.40.45,10
192.168.122.155,10
10.30.1.114,10
192.168.1.4,10
bio-dev.local,10
ec2-52-53-249-189.us-west-1.compute.amazonaws.com,10
gen200.imb-jena.de,10
115.29.234.170,10
203.101.224.234,10
jbrowse.sivro.net,10
localhost:9010,10
192.168.80.231,10
mmb.pcb.ub.edu,10
192.168.99.101:8080,10
gbrowse.wormbase.org:9003,10
104.236.15.5,10
172.16.0.173:8081,10
35.10.204.201,10
medicago-dev.jcvi.org,10
jbrowse-aws.yeastgenome.org,10
0.0.0.0:6002,10
fahcopsqa.pdx.aws,10
192.168.11.34,10
taro-no-mac-mini.local:8080,10
citrusgreening.org,10
5.28.62.148,10
125.217.165.26,10
ec2-107-23-252-27.compute-1.amazonaws.com,10
133.11.2.86:8080,10
dev.jbrowse.mcmaster.ca,10
10.240.3.49,10
211.69.128.148:8087,10
ec2-54-243-7-27.compute-1.amazonaws.com,10
iomics.interpretomics.co,10
browser.ryantaylor.net,10
192.168.20.27,10
solcys.solgenomics.net,10
yamunotri,10
dev.flybase.org,10
172.20.20.247,10
117.78.46.212,10
arcprds.enhnet.org,10
vm-galaxy-preprod.toulouse.inra.fr,10
54.174.149.136:8080,9
opossumbase.org:8080,9
10.35.229.180,9
it,9
10.120.138.58:8301,9
141.244.40.209:10005,9
people.binf.ku.dk,9
10.137.164.44:8080,9
10.3.1.222,9
192.168.1.103,9
10.43.32.172:8301,9
webapollo2.vectorbase.org:8080,9
192.168.2.11:8008,9
10.4.19.128,9
172.32.129.53:8080,9
192.168.50.184,9
santeetmoi.com,9
192.168.50.186,9
52.27.125.79,9
193.200.1.7,9
10.161.68.83,9
www.dictybase.org,9
134.99.200.47,9
193.200.1.27,9
dev.coffee-genome-http.org,9
stage.palm-genome-http.cirad.fr,9
webapollo-pre.vectorbase.org:8080,9
scps.scu.edu.au,9
uc1f-bioinfocloud-biotool-dev.sial.com,9
sjlsd0004,9
172.28.1.201:1337,9
jbrowse-devel.igs.umaryland.edu,9
genannot.brc.hu,9
192.168.78.132:1339,9
hal012.ad62.riken.go.jp:10910,9
biominer.bime.ntu.edu.tw,9
192.168.99.101,9
www.lncrna.info,9
cyhwang.net,9
210.72.92.137,9
10.10.241.175,9
192.168.5.182,9
ec2-54-82-170-222.compute-1.amazonaws.com,9
rcwebapps1.dfci.harvard.edu,9
titinviewer.net,9
uamsopsqa.pdx.aws,9
feeds.solgenomics.net,9
aclsopsqa.pdx.aws,9
128.196.64.244,9
172.31.12.104,9
local.dev,9
pobitora.strandls.com,9
129.93.134.127,9
129.132.221.28:8080,9
bngs05b.uzbrussel.be,9
ec2-52-59-218-230.eu-central-1.compute.amazonaws.com,9
tornado.bio1.rwth-aachen.de,8
172.28.1.122,8
smic.reefgenomics.org,8
jbrowse2.wi.mit.edu,8
cgp-jbrowse-dev.internal.sanger.ac.uk,8
54.186.124.12,8
wvichadotest.driscolls.com,8
urgi146,8
amereslab.imba.oeaw.ac.at,8
localhost:8089,8
panflam.korea.ac.kr:8085,8
hanush-platomics.com:10005,8
jgm-cssc.jax.org,8
192.168.101.82,8
monevbiogen.or.id,8
127.0.0.1:12349,8
bmi.xmu.edu.cn:8888,8
neuroseq.janelia.org:81,8
localhost:8585,8
ngslogin1.kobic.re.kr:8080,8
jbrowse.usda.iastate.edu,8
efam.nzcorp.net.,8
gmpromdb.sanbi.ac.za,8
192.168.99.100:32768,8
10.10.10.130,8
ec2-52-35-143-61.us-west-2.compute.amazonaws.com,8
localhost:2015,8
galaxy-epi:8085,8
128.16.6.196,8
ngspipelines.toulouse.inra.fr:9007,8
vm64-220.iplantcollaborative.org,8
ccg.xingene.net,8
dev.plabipd.de,8
ngsnd001.jpn-pharm.ad.local:8081,8
172.24.5.47,8
ec2-52-91-144-59.compute-1.amazonaws.com,8
ec2-54-208-53-19.compute-1.amazonaws.com,8
vizit.io,8
bias4.nibb.ac.jp:8095,8
107.23.126.211,8
dev-spn.platomics.com,8
ngspipelines2.toulouse.inra.fr:9007,8
localhost:8061,8
192.168.122.158,8
54.242.36.82,8
10.0.7.235,8
10.6.0.76:8008,8
localhost:8200,8
54.210.180.115:9003,8
192.168.159.128:8085,8
www.byanbioinfo.org,8
ec2-54-205-122-143.compute-1.amazonaws.com,8
genome.rc.fas.harvard.edu:8080,8
192.168.202.3,8
172.20.20.16:2222,8
192.168.0.13:8085,8
172.20.20.16:2224,8
192.168.1.99,8
139.196.7.224,8
joernspc.charite.de,8
54.68.127.47,8
ec2-54-204-146-129.compute-1.amazonaws.com,8
fox.rgd.mcw.edu:8080,8
1.164.142.198:3303,8
tripalb.feilab.net,8
ec2-52-59-235-151.eu-central-1.compute.amazonaws.com,8
192.168.112.133:8080,8
132.236.156.168,7
192.168.2.211:8080,7
cgc.kribb.re.kr,7
bar.utoronto.ca,7
133.50.220.25,7
ngspipelines.toulouse.inra.fr:9012,7
colab-sbx-142.oit.duke.edu,7
192.168.1.12:8000,7
localhost:4000,7
192.168.56.101:8085,7
192.168.0.111,7
137.189.43.55:8080,7
10.163.241.137:8080,7
serverarch01,7
cancertest.dev.sanger.ac.uk,7
cluster2.dna.affrc.go.jp,7
bioinformatics.unl.edu,7
54.65.17.123,7
inovaopsqa.pdx.aws,7
10.37.0.239,7
www.spider.0t0.jp,7
sgenomebrowser,7
ec2-54-193-40-83.us-west-1.compute.amazonaws.com:8080,7
77.235.253.122:8084,7
banana-genome-http.cirad.fr,7
charon.stjude.org,7
www.yeastgenome.com,7
202.112.87.15:8084,7
52.37.185.103:8443,7
192.168.233.162:8080,7
192.168.233.164:8080,7
192.168.50.180,7
142.150.214.76:8080,7
10.1.10.4,7
172.20.20.13,7
192.168.99.100:32769,7
im-crop.snu.ac.kr,7
ec2-52-90-62-18.compute-1.amazonaws.com,7
localhost:8102,7
test.mylab.com.tw:3003,7
www.jianminzhou.cn,7
ngspipelines2.toulouse.inra.fr:9006,7
54.172.143.1,7
43.240.98.154,7
localhost:8088,7
mac-mini.local:8080,7
tcap,7
ngspipelines2.toulouse.inra.fr:9010,7
ec2-52-91-245-247.compute-1.amazonaws.com,7
192.168.1.33,7
52.43.92.164:3000,7
192.168.5.203:8080,7
10.70.2.72,7
127.0.01,7
192.168.72.54,7
10.35.10.249,7
127.0.0.1:5557,7
192.168.33.10,7
ec2-54-197-198-218.compute-1.amazonaws.com,7
ec2-54-210-20-178.compute-1.amazonaws.com,7
10.64.1.16,7
sinin.kps.ku.ac.th,7
128.196.64.103,7
192.168.13.130:8080,7
localhost:8094,7
ec2-52-59-242-182.eu-central-1.compute.amazonaws.com,7
jbrowse.labs.intermine.org,6
192.168.99.100:8000,6
192.168.220.128:8080,6
alpha-helix.oncology.wisc.edu,6
172.20.157.142:8099,6
placeholder.wi.mit.edu,6
172.32.66.195:8080,6
horan.hmgc.mcw.edu,6
10.96.114.181:8301,6
10.4.19.125,6
ec2-54-173-41-140.compute-1.amazonaws.com,6
54.68.148.240,6
biowebdev02.nhgri.nih.gov,6
10.0.0.10,6
192.168.0.3,6
172.32.129.49:8080,6
192.168.1.11:8008,6
img-proportal.dev,6
ellens-macbook,6
192.168.100.153,6
192.168.50.178,6
10.88.36.27:4006,6
192.168.44.250,6
10.2.130.133,6
ngspipelines.toulouse.inra.fr:9015,6
phyzen-lab.com,6
www.shigen.nig.ac.jp,6
122.205.64.17:8080,6
p53.hydra.mki.co.jp,6
irvine.hmgc.mcw.edu,6
bison:3014,6
bio-dev.local:8081,6
157.92.24.249:8081,6
192.168.56.147,6
ec2-52-87-214-145.compute-1.amazonaws.com,6
10.0.0.104,6
research.gene.com,6
hutton.sgn.cornell.edu,6
arizonaopsqa.pdx.aws,6
ix.bi.up.ac.za:8085,6
141.106.224.241,6
123.56.207.36,6
52.38.69.224,6
ec2-54-144-192-200.compute-1.amazonaws.com,6
bf2i300.insa-lyon.fr,6
ray:8080,6
192.168.72.28,6
arupdevp.pdx.aws,6
jbrowse.staging.cortect.com,6
ec2-54-237-236-178.compute-1.amazonaws.com,6
192.168.0.23,6
tim-macbook-pro.local:8000,6
localhost:8086,6
10.81.129.45,6
localhost:8006,6
localhost:8058,6
localhost:8059,6
wkoppb31.pfr.co.nz:8081,6
www.wehealthgene.com,6
ec2-52-87-241-55.compute-1.amazonaws.com,6
192.168.4.189,6
ec2-54-85-193-86.compute-1.amazonaws.com,6
est.kazusa.or.jp,6
192.168.50.14:1340,6
www.animalgenome.org:2211,6
www.computationalbiology.ufpa.br,6
apps.araport.org,6
ec2-54-198-74-158.compute-1.amazonaws.com,6
yt,6
10.22.55.206,6
172.20.4.206,6
mmo,6
phenomebrowser.net,6
192.168.8.183,6
kat:3013,6
10.105.164.139,6
archer.mgi-nibm.my,6
bldr-tst-analysis-09,6
10.26.27.203,6
efam.nzcorp.net:3020,6
bldr-tst-analysis-05,6
ec2-23-22-39-58.compute-1.amazonaws.com,6
54.166.115.167,6
axtelldata.bio.psu.edu,6
sheldon:8000,6
ec2-54-166-126-77.compute-1.amazonaws.com,6
190.146.235.57,6
52.221.233.249:8032,6
bioview.nl,6
localhost:8886,6
192.168.1.13,6
61.130.10.146:8009,6
172.24.123.154,6
172.28.1.136,5
genexpdb.hpc.okstate.edu,5
headnode-dev,5
apollo-stage.nal.usda.gov:8080,5
192.168.0.100:8080,5
gholson,5
idv.sinica.edu.tw,5
bioinformatics.psc.ac.cn,5
46.101.243.162,5
parker.up.ac.za:8081,5
10.96.114.58:8301,5
www.legumeinfo.com,5
159.226.116.246,5
77.235.253.248:8084,5
gregorylab.sas.upenn.edu,5
10.10.32.135:8080,5
www.modhep.org,5
vm.bxgenomics.com,5
www.epigenome.cuhk.edu.hk,5
10.88.36.27:8443,5
10.0.53.135:8080,5
www.jbrow.se,5
172.17.0.59,5
10.74.106.1,5
138.102.92.3,5
databases.scilifelab.se,5
vm65-169.iplantcollaborative.org,5
192.168.8.246:5555,5
10.177.80.156,5
bioinfosecond.vet.unimelb.edu.au,5
ebiokit.ibmbb.edu.lk:8084,5
moldxbioinfo.mynetgear.com,5
172.16.1.16:8080,5
10.10.10.129,5
uc1f-bioinfocloud-biotool-dev,5
bf2i126.insa-lyon.fr:1988,5
knowpulse.usask.ca:8080,5
192.168.56.187,5
jc_analysis,5
iris.i2bc.paris-saclay.fr,5
fs000:28081,5
54.209.15.194:8080,5
129.128.83.63,5
edge-dev-master.lanl.gov,5
mississippi.snv.jussieu.fr,5
cgrd.tgir.org,5
localhost:8005,5
localhost:8007,5
localhost:8060,5
localhost:8100,5
localhost:8101,5
aklppr31.pfr.co.nz:9080,5
ngspipelines2.toulouse.inra.fr:9008,5
localhost:7000,5
172.20.174.129,5
data.koalagenome.org:8686,5
115.146.90.94,5
ec2-54-164-91-200.compute-1.amazonaws.com,5
mcgopsqa.pdx.aws,5
www.imtech.res.in,5
115.146.90.29,5
raid2016.nibb.ac.jp:8001,5
tpla.psc.ac.cn,5
43.240.98.201,5
ec2-54-172-85-76.compute-1.amazonaws.com,5
bioinf-thanks.mind.meiji.ac.jp,5
ec2-75-101-222-114.compute-1.amazonaws.com,5
ec2-54-226-195-91.compute-1.amazonaws.com,5
www2.ngl-science.com,5
10.111.172.123,5
52.25.103.63:3000,5
192.168.128.134,5
localhost:9080,5
155.198.108.193,5
52.40.235.241:8080,5
ec2-54-234-146-111.compute-1.amazonaws.com,5
cuarchapp.ucdenver.pvt,5
172.16.90.12,5
ngspipelines.toulouse.inra.fr:9003,5
10.55.12.78,5
10.124.51.113:8088,5
ec2-54-236-152-124.compute-1.amazonaws.com,5
cprd.digitalhealthlabs.com,5
10.68.130.230,5
115.146.91.83:9650,5
115.146.91.83,5
vm64-36.iplantcollaborative.org,5
10.80.131.10:9080,5
172.20.20.245,5
192.168.1.41,4
diamond.tuebingen.mpg.de,4
edge-gbti,4
www.sharezomics.com,4
jbrowse.phibred.com,4
mullet419server.tamu.edu,4
cassava.ciat.cgiar.org:81,4
zoopsych-57.umd.edu,4
iomics-research.interpretomics.co:8072,4
gbrowse-test.sgn.cornell.edu,4
192.168.56.128,4
10.96.114.23:8301,4
vm65-172.iplantcollaborative.org,4
neuroseq-web.int.janelia.org:81,4
192.168.192.233:8080,4
pathos:8085,4
64.79.105.19,4
172.32.129.52:8080,4
localhost:8303,4
localhost:12349,4
192.168.178.78:3000,4
192.168.130.205,4
foo.dog.org:8080,4
shigen5.nig.ac.jp,4
192.168.99.100:32776,4
192.168.1.2,4
imjbrowse-whattodo.rhcloud.com,4
headnode-qa,4
hrs2.szukacz.pl:43666,4
ri.medisapiens.com,4
10.26.27.92,4
vm64-32.iplantcollaborative.org,4
172.16.1.23,4
localhost:9011,4
localhost:4567,4
192.168.53.224,4
ec2-52-90-31-183.compute-1.amazonaws.com,4
dev.palm-genome-http.cirad.fr,4
mars.capitolium.net:8080,4
ec2-54-152-5-199.compute-1.amazonaws.com,4
140.113.29.227:32770,4
ec2-52-87-216-194.compute-1.amazonaws.com,4
192.168.99.100:8081,4
10.10.10.133,4
svane:3001,4
elegans.local,4
ec2-54-67-55-9.us-west-1.compute.amazonaws.com:8080,4
ec2-52-53-240-10.us-west-1.compute.amazonaws.com:8080,4
212.87.29.115:8080,4
172.24.113.150,4
vm64-225.iplantcollaborative.org,4
0.0.0.0:32772,4
172.16.2.123:8080,4
10.0.0.9:8080,4
ec2-54-86-162-244.compute-1.amazonaws.com,4
ec2-54-147-220-30.compute-1.amazonaws.com,4
192.168.0.5:8085,4
genomeevolution.org,4
52.91.141.73,4
192.168.1.123,4
172.16.53.252,4
v01plx02.technet.akhwien.at,4
54.208.106.49,4
192.168.99.101:32775,4
192.168.99.101:32770,4
192.168.99.100:32786,4
192.168.99.100:32792,4
10.253.61.133,4
kzdl1059.corp.zoetis.com:9080,4
ec2-54-89-70-94.compute-1.amazonaws.com,4
ec2-52-91-73-20.compute-1.amazonaws.com,4
192.168.50.95,4
vm65-179.iplantcollaborative.org,4
192.168.99.100:32771,4
ctjbrowse01.jax.org,4
142.150.214.61:8080,4
104.131.132.101,4
115.146.90.123,4
hpc1,4
solgenomics.sgn.cornell.edu,4
166.111.156.51,4
ec2-54-164-97-215.compute-1.amazonaws.com,4
www.zflnc.org,4
ec2-52-37-75-229.us-west-2.compute.amazonaws.com,4
www.patric.local,4
172.28.1.172:1338,4
192.168.118.74,4
hypnos.freeboxos.fr,4
192.168.0.106,4
54.242.161.130,4
192.168.118.15:9976,4
52.39.183.154,4
power5,4
10.74.218.9,4
bldr-prd-analysis-ir,4
galaxy.ust.hk,4
132.236.156.134,4
bbcf-serv03.epfl.ch,4
localhost:32768,4
ec2-54-173-26-223.compute-1.amazonaws.com,4
wadsworth.org,4
www.burkholderia.ca,4
172.20.20.236,4
10.188.181.17,4
jbrowse.ibmp.unistra.fr,4
172.20.20.232,4
192.168.128.134:8080,4
192.168.150.200,4
10.103.30.122:8080,4
10.1.1.51,4
ec2-52-64-182-170.ap-southeast-2.compute.amazonaws.com,4
dev02.platomics.com,4
10.41.4.6:5000,4
ec2-35-160-186-200.us-west-2.compute.amazonaws.com,4
192.168.0.110,4
192.168.1.220:8000,4
158.108.145.57,4
193.166.24.136:10053,4
59.79.248.93,4
ec2-54-93-65-224.eu-central-1.compute.amazonaws.com,4
camel.hutton.ac.uk,3
ccmsr.d51.lilly.com,3
192.168.50.48,3
129.93.134.211,3
cranberry.vcru.wisc.edu,3
141.244.40.209:10004,3
archer.stjude.org,3
tiger.hpc.okstate.edu,3
use.t-bioinfo.com:3000,3
jeffreys-macbook-pro.local,3
10.96.114.151:8301,3
spurv.nzcorp.net:3000,3
10.0.0.20:8080,3
ec2-54-173-253-177.compute-1.amazonaws.com,3
srv00.ibbe.cnr.it,3
cerrtranscript.umcs.pl,3
10.248.24.78,3
marinegenomics.oist.jp.,3
192.168.50.154,3
54.85.2.5:8080,3
52.5.159.197,3
192.168.1.40:8000,3
vbioinfoval.ifremer.fr,3
www.asgdb.org:8008,3
camel,3
192.168.1.21,3
stage.orygenesdb.cirad.fr,3
172.16.15.116,3
dmap.cbrc.kaust.edu.sa,3
giavap-genomes.ibpc.fr:8080,3
147.49.40.158,3
192.168.4.27,3
i7node01.iob:8080,3
192.168.100.128,3
52.90.144.240,3
b18.gene.affrc.go.jp,3
researchfrontier.zetilab.org,3
152.1.135.243:51455,3
sjcbiodev.driscolls.com,3
bldr-tst-analysis-nightly-01,3
10.19.8.148,3
www.ebi.ac.uk,3
eco-webapollo1:8080,3
172.28.10.232,3
192.168.99.100:32775,3
lexicondev.phibred.com:8084,3
scps-web1.scu.edu.au,3
www.tongjidmb.com.prx.webanonymizer.org,3
csdhcp59.cs.clemson.edu,3
130.92.155.151:8080,3
uk2as251,3
10.43.32.112.:8301,3
10.73.1.254:8081,3
10.10.20.6,3
192.168.1.102,3
54.228.180.140:8083,3
apollo.nal.usda.gov:8080,3
10.161.69.101,3
vm65-181.iplantcollaborative.org,3
vm65-171.iplantcollaborative.org,3
vm65-168.iplantcollaborative.org,3
vm65-184.iplantcollaborative.org,3
collembola.labs.vu.nl,3
157.92.24.222,3
10.8.10.16,3
172.16.15.128,3
v0311.nbi.ac.uk:8080,3
192.168.253.128,3
192.168.171.33:5588,3
127.0.0.1:9000,3
54.199.148.45,3
users.scicore.unibas.ch,3
ec2-54-175-123-106.compute-1.amazonaws.com,3
garfield2.dobzhanskycenter.ru,3
0:3000,3
ec2-54-172-201-228.compute-1.amazonaws.com,3
10.90.137.24,3
jbrowse-lb.yeastgenome.org,3
61.50.130.61,3
ec2-54-67-46-191.us-west-1.compute.amazonaws.com:8080,3
ec2-54-193-118-80.us-west-1.compute.amazonaws.com:8080,3
sonicopsqa.pdx.aws,3
schnauferlab.bio.ed.ac.uk,3
vm65-178.iplantcollaborative.org,3
assembly.ab.wurnet.nl:8080,3
ec2-54-183-156-139.us-west-1.compute.amazonaws.com:8080,3
gasser-research.vet.unimelb.edu.au,3
aeonopsqa.pdx.aws,3
10.20.101.253,3
nc.ansci.iastate.edu,3
192.168.50.140,3
172.28.1.201:1338,3
140.226.49.224,3
5.153.58.254,3
assembly.ab.wurnet.nl:3000,3
10.88.36.67:8443,3
52.48.198.130:8034,3
iyiwycodci.localtunnel.me,3
28.11.141.75,3
13.81.9.110:8383,3
magwenelab.colab.duke.edu,3
128.196.64.82,3
ngspipelines.toulouse.inra.fr:9009,3
130.92.252.48:8085,3
ec2-54-87-125-179.compute-1.amazonaws.com,3
bioinfo.sibs.ac.cn,3
ec2-54-243-5-104.compute-1.amazonaws.com,3
lfemjds.solgenomics.net,3
172.28.1.170:1339,3
ngspipelines.toulouse.inra.fr:9021,3
192.168.1.135,3
10.4.4.11,3
genegarden.com,3
192.168.99.100:32788,3
hal012.ad62.riken.go.jp:10520,3
ec2-52-207-241-75.compute-1.amazonaws.com,3
137.189.43.148,3
ec2-107-23-181-226.compute-1.amazonaws.com,3
172.20.20.105,3
ec2-54-164-32-54.compute-1.amazonaws.com,3
soybase.top,3
vm65-194.iplantcollaborative.org,3
130.113.155.253,3
bldr-tst-analysis-02,3
giarchive,3
localhost:8004,3
localhost:8056,3
localhost:8063,3
localhost:8064,3
localhost:8067,3
localhost:8106,3
genomevolution.com,3
ec2-52-90-40-124.compute-1.amazonaws.com,3
115.146.95.144,3
www.gcorre.net,3
zealous-ubuntu:8000,3
115.146.90.213,3
ellens-macbook:8000,3
137.158.155.168:8080,3
zflnc.biochen.com,3
113.109.24.203:81,3
skeeze.net,3
archer.paradigmdx.com,3
biofs05,3
54.172.183.196,3
www.clovergarden.jp,3
192.168.25.16,3
192.168.32.129,3
begonia.hort.vt.edu:8080,3
192.168.136.135:81,3
10.102.2.102:8989,3
147.47.106.128,3
ec2-54-196-149-154.compute-1.amazonaws.com,3
aplysiagenetools.org,3
syslab5.nchu.edu.tw,3
shoofly.local,3
heptamer.tamu.edu,3
simrbasedev,3
www.solgenomics.org,3
128.192.99.108:8085,3
abt6-deimos.eb.local:8080,3
ec2-54-160-165-85.compute-1.amazonaws.com,3
ec2-54-226-183-27.compute-1.amazonaws.com,3
10.10.15.128,3
hkwiki.cbi.ac.cn,3
ec2-54-152-26-224.compute-1.amazonaws.com,3
127.0.0.1:5947,3
129.194.96.168:8080,3
ec2-54-166-131-179.compute-1.amazonaws.com,3
192.168.99.100:8001,3
ceramide.ucsf.edu,3
ec2-54-211-121-143.compute-1.amazonaws.com,3
172.20.20.239,3
ec2-52-201-225-82.compute-1.amazonaws.com,3
localhost:55080,3
www.gensas.org:8080,3
192.168.1.96:8080,3
10.2.39.238,3
mardianws,3
peanutbase-dev.agron.iastate.edu,3
10.41.9.110:3000,3
rgd.mcw.edu.s2.gvirabi.com,3
phyzen.com,3
ec2-52-91-70-59.compute-1.amazonaws.com:8080,2
ec2-54-174-148-149.compute-1.amazonaws.com:8080,2
192.168.5.206,2
192.168.1.52:8080,2
s-az-hpcarcher,2
10.11.210.53:8080,2
kat:3030,2
192.168.56.157,2
192.168.1.12,2
52.10.111.195,2
sohi.ecology.kyoto-u.ac.jp,2
eurostar.umcs.lublin.pl,2
147.99.84.190,2
localhost:5432,2
192.168.0.171,2
hugin,2
jbrowse.genoox.com.s3-website-us-east-1.amazonaws.com,2
192.168.2.132:8080,2
192.168.1.38:8080,2
asgdb.org:8008,2
birdbetatest.isisph.com,2
192.168.183.1:8080,2
gigaton.sigenae.org.,2
134.192.156.45,2
134.192.156.43,2
192.168.0.8,2
pennycress.umn.edu.,2
www.bcid.ca,2
www.geisha.arizona.edu,2
111.93.13.167,2
ec2-52-91-159-161.compute-1.amazonaws.com,2
192.168.110.99,2
210.46.85.173:8011,2
194.167.139.69,2
god.foo.org:8080,2
172.17.0.71,2
www.ic4r.org,2
ngspipelines-sigenae.toulouse.inra.fr:9051,2
192.168.59.128,2
neuroseq-web.int.janelia.org,2
vm65-165.iplantcollaborative.org,2
vm65-164.iplantcollaborative.org,2
192.168.99.100:32773,2
192.168.56.146,2
gbcs,2
localhost:82,2
gbrowse.bcid.ca,2
ec2-52-90-32-200.compute-1.amazonaws.com,2
192.168.177.32,2
172.17.233.120,2
jbrowser.ens-lyon.fr:82,2
bldr-dev-analysis-demo-01,2
203.101.234.178,2
marxianus.labkm.net,2
www.csgenome.sggw.pl,2
ec2-54-84-165-141.compute-1.amazonaws.com,2
boris.dobzhanskycenter.org,2
www.picme.at,2
165.123.12.25,2
192.168.56.135,2
bedbug.uky.edu:8080,2
localhost:9092,2
ec2-52-29-104-107.eu-central-1.compute.amazonaws.com,2
ec2-52-37-212-163.us-west-2.compute.amazonaws.com,2
ec2-54-183-183-206.us-west-1.compute.amazonaws.com:8080,2
ec2-54-183-184-255.us-west-1.compute.amazonaws.com:8080,2
sgd-ng1.stanford.edu,2
localhost:8008,2
ec2-54-161-234-149.compute-1.amazonaws.com,2
ridley.uv.es:8080,2
192.168.56.171,2
vm65-170.iplantcollaborative.org,2
0.0.0.0:32770,2
172.16.1.16:9988,2
localhost:8787,2
192.168.1.160:8080,2
www.consorciopesquisacafe.com.br,2
10.75.106.4,2
mars.capitolium.net:9988,2
10.0.0.17,2
localhost:32,2
www.peanutbase.com,2
10.200.55.26,2
servbio.hpc.ncsu.edu,2
52.37.5.70:8081,2
133.48.62.150:8000,2
10.10.107.165,2
myjbrowse.com,2
ec2-54-86-48-181.compute-1.amazonaws.com,2
52.48.198.130:8099,2
10.177.80.52,2
52.48.198.130:8000,2
52.48.198.130:8015,2
52.48.198.130:8005,2
52.48.198.130:8030,2
52.48.198.130:8012,2
192.168.0.16,2
10.20.2.26.,2
192.168.147.158,2
25.104.102.230,2
128.196.64.59,2
127.0.0.1:10080,2
ec2-54-157-23-122.compute-1.amazonaws.com,2
ec2-54-197-194-135.compute-1.amazonaws.com,2
10.24.15.10,2
128.206.129.194,2
nagrp5.ansci.iastate.edu:2211,2
155.100.217.34,2
hpc2,2
hpc3,2
cassbase.org,2
biodb.swu.edu.cn,2
192.168.99.100:32789,2
192.168.78.129:1339,2
ec2-52-207-245-18.compute-1.amazonaws.com,2
bioinf-galaxian.erasmusmc.nl,2
ec2-54-237-222-18.compute-1.amazonaws.com,2
fahcdevqa.pdx.aws,2
vm65-174.iplantcollaborative.org,2
localhost:8057,2
localhost:8062,2
localhost:8066,2
localhost:8068,2
localhost:8105,2
old-gander.wustl.edu,2
192.168.1.22,2
qcloud.biochen.com,2
172.26.30.120,2
192.168.1.4:8000,2
ec2-54-89-142-119.compute-1.amazonaws.com,2
meta.jsm.co.jp,2
172.16.113.217,2
172.26.30.120:8080,2
plant1.kazusa.or.jp:8080,2
chlamydomonas.iab.keio.ac.jp,2
ec2-54-172-143-1.compute-1.amazonaws.com,2
nlfij-s3003:8080,2
ec2-52-41-61-38.us-west-2.compute.amazonaws.com,2
demo.sanbi.ac.za:8080,2
10.8.10.64,2
ec2-107-21-85-13.compute-1.amazonaws.com,2
www.skychristmasstocking.com,2
164.125.233.58,2
ec2-52-38-121-18.us-west-2.compute.amazonaws.com,2
ec2-107-21-12-145.compute-1.amazonaws.com,2
222.195.92.17,2
localhost:2380,2
10.85.8.182:8080,2
172.20.241.84:8080,2
ec2-54-224-234-187.compute-1.amazonaws.com,2
vollbrechtlab.gdcb.iastate.edu,2
bldr-tst-analysis-08,2
dgvbrowser.uab.es,2
solyc.solgenomics.net,2
121.196.214.184,2
10.26.25.53,2
ec2-54-157-14-77.compute-1.amazonaws.com,2
172.28.1.100,2
115.146.86.2,2
10.96.114.33:8080,2
130.239.12.232:8099,2
192.168.20.121,2
rkalv058751.kau.roche.com,2
genexpdb.ou.edu,2
webapps1.dfci.harvard.edu,2
localhost:2222,2
ec2-52-90-15-99.compute-1.amazonaws.com,2
52.210.177.116:10016,2
52.210.177.116:10009,2
ngspipelines2.toulouse.inra.fr:9012,2
s3.computational.bio.uni-giessen.de,2
10.0.0.100,2
192.168.122.160:8080,2
proteogenomics.zhang-lab.org,2
bldr-rnd-analysis02,2
crops.dow.com,2
10.1.8.120:8080,2
db.yeastgenome.org,2
img-galaxy-test.jgi.doe.gov,2
localhost:2080,2
sangenixcommunity.persistent.co.in:8443,2
172.18.50.215,2
pioneer-d2,2
localhost:2223,2
ec2-54-213-60-165.us-west-2.compute.amazonaws.com:8080,2
192.168.0.6,2
ec2-52-26-217-139.us-west-2.compute.amazonaws.com:8080,2
127.0.0.1:8090,2
ec2-54-158-132-168.compute-1.amazonaws.com,2
10.189.28.143:8000,2
192.168.101.121,2
192.168.100.61,2
phantomjscloud.com,2
35.8.203.97,2
ec2-35-160-176-168.us-west-2.compute.amazonaws.com,2
ec2-52-64-198-214.ap-southeast-2.compute.amazonaws.com,2
10.189.144.111:8000,2
10.189.140.221:8000,2
ec2-52-63-255-136.ap-southeast-2.compute.amazonaws.com,2
lxwsdkc002.phibred.com,2
129.93.136.116,2
192.168.100.10,2
172.16.2.210:8443,2
158.108.145.124,2
ec2-54-84-103-103.compute-1.amazonaws.com:8080,2
usav1svgend02:8080,2
133.48.33.233,2
ec2-54-93-163-165.eu-central-1.compute.amazonaws.com,2
10.22.58.208,2
192.168.100.161,2
rtpdevcong.na.agrogroup.net,2
sol-dev.plantbiology.msu.edu,1
ec2-54-174-141-84.compute-1.amazonaws.com:8080,1
ec2-54-174-149-136.compute-1.amazonaws.com:8080,1
141.244.40.214:10005,1
192.168.50.156,1
132.246.231.130:82,1
192.168.50.135,1
genome.crg.es,1
169.237.215.34,1
128.206.129.129:8080,1
192.168.72.23,1
www.hitseq.com.cn,1
141.89.218.203,1
ec2-52-23-186-154.compute-1.amazonaws.com,1
asap.kws.de,1
6bc400e3.ngrok.io,1
10.14.65.61,1
10.0.0.33,1
pfizerdev.bxgenomics.com,1
141.244.40.202:10005,1
www.wehealthgene.com:7777,1
10.0.3.205:8080,1
bioinformatics.emr.ac.uk,1
purugganan-lab4.bio.nyu.edu,1
141.244.134.230,1
192.168.1.113:801,1
webapollo-dev:8080,1
128.192.203.33,1
ai-geneviewdev1.niaid.nih.gov,1
localhost:7001,1
bison.nzcorp.net:3013,1
159.203.84.174,1
nielsen.aibn.uq.edu.au,1
192.168.56.3,1
it.cbs.umn.edu,1
192.168.0.149,1
www.alpha.patricbrc.org,1
x-staging.platomics.com:10005,1
lana.vectorbase.org:8080,1
leda:8000,1
acdstagging.org,1
131.211.32.190,1
130.60.200.121,1
210.72.92.173,1
localhost:8305,1
141.244.40.219,1
192.168.1.133,1
www.google.it,1
115.156.239.4,1
192.168.4.34,1
61.130.10.147:8008,1
52.91.104.218,1
130.239.72.5,1
plwb10v.gis.a-star.edu.sg:8080,1
ic4r.org,1
ec2-52-91-3-6.compute-1.amazonaws.com,1
192.168.1.237,1
ec2-52-23-225-104.compute-1.amazonaws.com,1
novopc7,1
brecandb.igib.res.in.,1
192.168.50.126,1
cloud.gmod.org,1
crops,1
ec2-54-67-105-93.us-west-1.compute.amazonaws.com,1
192.168.50.42,1
192.168.50.192,1
10.0.0.12,1
chimera.ddpsc.org,1
eco-thomas1:8080,1
52.88.69.54,1
10.0.48,1
biodev.driscolls.com,1
localhost:10880,1
www.uuplay.com,1
srv00.recas.ba.infn.it.,1
local.ficus.io:9999,1
61.130.10.147,1
mama.zjyouge.com,1
10.10.56.34:8080,1
127.0.0.1:7007,1
seabassgb-dev.sanbi.ac.za,1
192.168.109.152,1
viewer4.nig.ac.jp,1
firefly.bi.up.ac.za:8085,1
babox.chop.edu,1
stlubiodscprd01:1080,1
prlog.ru,1
pskbase.bhblab.com,1
192.168.56.156,1
192.168.5.127:8082,1
129.93.136.68,1
ms2.chem.yorku.ca,1
ec2-52-87-250-85.compute-1.amazonaws.com,1
10.7.101.80:8080,1
192.168.1.240:8080,1
hydra.pomona.edu,1
172.31.12.220,1
192.168.0.4:8080,1
192.168.8.246:6688,1
192.168.8.240:5555,1
130.56.253.101,1
ec2-52-34-131-67.us-west-2.compute.amazonaws.com,1
172.17.1.56,1
192.168.99.101:8081,1
ngspipelines2.toulouse.inra.fr:9004,1
pc404515,1
hs-cas.hundsun.com,1
127.0.0.1:8787,1
ec2-54-86-193-203.compute-1.amazonaws.com,1
111.85.176.116:16928,1
vm64-217.iplantcollaborative.org,1
stripedbass.animalgenome.org:8080,1
10.180.103.202,1
lithium,1
10.1.91.241,1
ec2-52-37-151-237.us-west-2.compute.amazonaws.com,1
bert:8000,1
dev.cocoagendb.cirad.fr,1
dev.wormbase.org,1
mibi.galaxy.bio.ku.dk,1
146.148.81.69:9595,1
localhost:5666,1
127.0.0.1:6666,1
128.139.17.188,1
pollux:8080,1
52.10.182.166,1
www.sapc.embrapa.br,1
ngspipelines.toulouse.inra.fr:9018,1
edge-namru3,1
192.168.123.64,1
115.156.239.3,1
shbjyl.gnway.org:7070,1
ec2-54-215-218-19.us-west-1.compute.amazonaws.com:8080,1
192.168.1.3,1
localhost.patricbrc.org,1
10.0.0.9:8085,1
stage.cassava-genome.southgreen.fr,1
ngspipelines-sigenae.toulouse.inra.fr:9064,1
www.twsaari.com,1
128.32.19.94,1
172.21.5.48,1
cysteine.dbi.udel.edu,1
52.24.167.171,1
www.tripadvisor.com,1
192.168.50.137,1
assembly.ab.wurnet.nl:8084,1
10.74.186.113,1
192.168.56.180,1
61.128.110.6:8080,1
192.168.1.81,1
10.10.102.218,1
mib.amu.edu.pl.,1
210.119.131.119,1
192.168.50.200,1
m.chinahr.com,1
,1
ec2-54-204-103-63.compute-1.amazonaws.com,1
52.48.198.130:8004,1
ec2-54-174-104-92.compute-1.amazonaws.com,1
phyzen.co.kr,1
52.48.198.130:8003,1
52.48.198.130:8022,1
192.168.0.12,1
192.168.0.48,1
52.48.198.130:8027,1
52.48.198.130:8007,1
192.168.224.156,1
192.168.56.193,1
mullion-13:8000,1
192.168.11.25,1
localhost:12345,1
128.196.64.238,1
54.237.236.222,1
128.196.64.46,1
p3-jboss-prod-1,1
128.196.64.225,1
fagus.seselab.org,1
iarc96.imis.si,1
128.192.99.48:8080,1
104.197.108.136,1
fierstworms.ua.edu:8080,1
203.171.230.69:8080,1
192.168.72.38:6002,1
192.168.13.40,1
192.168.1.125,1
210.218.222.23,1
10.88.200.171:8443,1
192.168.56.196,1
172.24.5.160,1
193.146.35.134:8080,1
pfizerchodev.bxgenomics.com,1
192.168.99.101:32774,1
sachsfs01.bio.tamu.edu,1
192.168.99.100:32782,1
192.168.239.109,1
192.168.99.101:32779,1
192.168.99.100:32787,1
tamarindo.scilifelab.se,1
aklppr31:9080,1
192.168.1.126,1
kzdl1059:9080,1
pfizercho.bxgenomics.com,1
192.168.100.187,1
gbcs.embl.de,1
raid2016.nibb.ac.jp,1
vm65-188.iplantcollaborative.org,1
vm65-198.iplantcollaborative.org,1
vm65-200.iplantcollaborative.org,1
vm65-197.iplantcollaborative.org,1
vm65-182.iplantcollaborative.org,1
vm65-199.iplantcollaborative.org,1
10.1.1.11,1
soybase.top:8080,1
localhost:8055,1
localhost:8107,1
localhost:8108,1
sweetpotatobase.org,1
115.146.89.122,1
localhost:32769,1
ec2-52-39-167-106.us-west-2.compute.amazonaws.com,1
mmodev2.sb-roscoff.fr:8080,1
ngspipelines.toulouse.inra.fr:9019,1
75.101.248.64:8080,1
ec2-54-87-132-217.compute-1.amazonaws.com,1
localhost:8686,1
ec2-54-165-111-50.compute-1.amazonaws.com,1
gcorre.net,1
pieriandxproddevp.pdx.aws,1
ec2-54-227-212-2.compute-1.amazonaws.com,1
watson.plantphys.umu.se:8097,1
bio-dev-jbrowse.rz.rijkzwaan.net:8080,1
ec2-54-173-110-94.compute-1.amazonaws.com,1
ec2-54-209-65-41.compute-1.amazonaws.com,1
jbrowse.www.dev,1
www.whiteflygenomics.org,1
ec2-52-91-90-174.compute-1.amazonaws.com,1
www.citrusgreening.org,1
bio-dev-jbrowse,1
172.21.53.53:443,1
www.benagen.com,1
www-rcf.usc.edu,1
192.241.183.82,1
archervm.ohsu.edu,1
hastings.rgd.mcw.edu,1
43.240.98.150,1
192.168.1.132:8014,1
192.168.74.51,1
156.40.242.42,1
ec2-52-90-109-219.compute-1.amazonaws.com,1
hanwoodb.insilicogen.com,1
10.10.10.36,1
10.200.131.25,1
www.cyhwang.net,1
10.9.31.78,1
52.42.38.188,1
mail.126.com,1
192.168.2.44,1
210.75.224.110,1
3e39e628.ngrok.io,1
910ec024.ngrok.io,1
192.168.0.100:8081,1
skychristmasstocking.com,1
0.0.0.0:9090,1
targetpath,1
137.205.69.175,1
reporter01,1
128.192.203.33:443,1
jbrowse-804915623.us-east-1.elb.amazonaws.com,1
lncrna.info,1
ec2-54-159-190-145.compute-1.amazonaws.com,1
apollo-dev.nal.usda.gov:8081,1
animalgenome.org,1
www.revgenomics.com,1
webcache.googleusercontent.com,1
129.194.103.185:32768,1
pevzner.bioinformatics.nl:8006,1
ec2-52-63-195-97.ap-southeast-2.compute.amazonaws.com,1
lncrna.smu.edu.cn,1
slack.com,1
icebox.lbl.gov:8082,1
ec2-52-64-145-197.ap-southeast-2.compute.amazonaws.com,1
tll-rv1.tll.org.sg,1
10.189.154.53:8000,1
localhost:852,1
128.123.63.76:8082,1
192.168.7.218,1
160.10.11.235,1
192.168.56.129,1
115.146.89.155,1
10.0.126.34,1
aws1.zhang-lab.org,1
www.google.es,1
43.240.97.202,1
192.168.1.36,1
archer4011ipu,1
cgp-jbrowse-dev:9876,1
130.235.44.220,1
130.239.12.234:10001,1
cougar,1
ec2-54-211-187-248.compute-1.amazonaws.com,1
115.146.90.0,1
cgp-jbrowse-dev.internal.sanger.ac.uk:9876,1
0.0.0.0:8081,1
uvaopsqa.pdx.aws,1
192.168.221.12,1
202.112.87.15:8088,1
192.168.1.178,1
ec2-54-204-223-75.compute-1.amazonaws.com,1
pembertonlab.med.umanitoba.ca,1
192.168.72.130,1
192.168.202.19,1
localhost:2020,1
0.0.0.0:1234,1
52.210.177.116:10003,1
52.209.141.175:10039,1
52.209.141.175:10038,1
52.210.177.116:10007,1
52.210.177.116:10010,1
ec2-52-23-158-125.compute-1.amazonaws.com,1
10.7.35.69,1
157.92.24.135,1
52.37.29.24:8080,1
legacy.cos.ncsu.edu,1
52.210.177.116:10005,1
52.210.177.116:10006,1
localhost:8898,1
192.168.2.188,1
ec2-54-152-235-179.compute-1.amazonaws.com,1
localhost:2224,1
192.168.5.127,1
192.168.4.137,1
gunpowder:9102,1
128.218.234.28,1
192.168.4.131:9000,1
galaxy.uni-freiburg.de,1
192.168.250.167,1
bldr-tst-analysis-14,1
ec2-54-145-147-105.compute-1.amazonaws.com,1
localhost:31415,1
10.10.10.41:8000,1
www.patricbrc.org,1
ec2-54-197-83-92.compute-1.amazonaws.com,1
192.168.128.134:8081,1
158.109.215.162,1
ec2-54-200-151-148.us-west-2.compute.amazonaws.com:8080,1
130.237.132.130,1
192.168.50.194,1
www.maizegametophyte.org,1
134.117.104.149,1
megraw-dev.cgrb.oregonstate.edu,1
ws-uskok,1
bugs2.sgul.ac.uk,1
bldr-tst-analysis-03,1
neo.snubi.org:50080,1
www.google.com,1
simrbasedev:8080,1
54.71.7.85,1
10.91.253.33,1
10.42.0.5:9090,1
ibs-andys-ux3:8888,1
124.124.70.234,1
informatics-prod.int.janelia.org,1
adguard.com,1
ec2-54-173-118-70.compute-1.amazonaws.com,1
5bc1fb5b.ngrok.io,1
icebox.lbl.gov:8080,1
86.50.170.165:9001,1
35.160.176.168,1
ec2-52-62-166-89.ap-southeast-2.compute.amazonaws.com,1
137.187.60.153,1
dgzblmr.solgenomics.net,1
x-apps-staging.platomics.com,1
86.50.170.165:9037,1
ec2-35-161-56-30.us-west-2.compute.amazonaws.com,1
ec2-35-160-146-100.us-west-2.compute.amazonaws.com,1
mug1.mmb.pcb.ub.es,1
115.146.89.73,1
desa.dreamgenics.com,1
projects.sbri.org,1
43.240.99.181,1
vm64-24.iplantcollaborative.org,1
10.55.12.87,1
192.168.1.220:8003,1
120.24.6.223:8080,1
54.154.168.170,1
158.108.145.63,1
rtpdevcong,1
192.168.56.11,1
68.190.87.26,1
lipm-sso.toulouse.inra.fr,1
192.168.1.68,1
vm64-103.iplantcollaborative.org,1
35.162.222.61,1
vm188031-genetik.hosting.uni-hannover.de:1234,1
ec2-54-93-114-65.eu-central-1.compute.amazonaws.com,1
220.137.194.225:3303,1
galaxy-tut.genome.edu.au,1
vre.multiscalegenomics.eu,1
192.168.100.64,1
219.217.203.35,1
10.1.108.144,1
192.168.0.9,1
dev.rebuildingakidney.org,1
