www.wormbase.org,1461078
cancer.sanger.ac.uk,656947
phytozome.jgi.doe.gov,569709
solgenomics.net,239136
wormbase.org,230424
mycobrowser.epfl.ch,192206
,168436
rgd.mcw.edu,103236
browse.yeastgenome.org,81065
cucurbitgenomics.org,79940
genome.microbedb.jp,63247
140.120.203.44,57454
jbrowse.org,29423
www.echinobase.org,23821
localhost,23016
localhost:8080,21346
apollo.wormbase.org,21229
128.32.218.181:7070,20918
visual.ic4r.org,20536
planmine.mpi-cbg.de:8088,20361
jbrowse.xenbase.org,19410
csbl.bmb.uga.edu,19108
bipaa.genouest.org,17458
jbrowse.southgreen.fr,15894
localhost:9000,14989
adenine.bradley.edu,14847
jbrowse.informatics.jax.org,13341
www.immunobase.org,13067
marchantia.info,12416
paramecium.i2bc.paris-saclay.fr,12407
genomevolution.org,11453
glass.phibred.com:8081,11436
moffitt.pieriandx.com,10535
apollo.sgn.cornell.edu,9759
jbrowse.roche.com:8080,9681
staging.wormbase.org,9507
www.heliagene.org,8981
studentpc2:8080,8842
apollo.vectorbase.org,8752
snp-seek.irri.org,8661
ivis-dev:8010,8616
192.168.1.76,8351
aura.science.unitn.it,8286
www.hgvd.genome.med.kyoto-u.ac.jp,8134
www.solgenomics.net,7875
www.flyrnai.org,7612
matsui-lab.riken.jp,7581
jbrowse.intermine.org,7521
epigenome.genetics.uga.edu,7421
bioinf.gen.tcd.ie,7420
pipelines.rgd.mcw.edu,7397
www.rosaceae.org,7149
gps.pieriandx.com,6875
cpt.tamu.edu,6787
pophuman.uab.cat,6704
bbric-pipelines.toulouse.inra.fr,6566
analysis.archerdx.com,6376
silkbase.ab.a.u-tokyo.ac.jp,6376
localhost:8000,6291
localhost:8301,6237
medicago.toulouse.inra.fr,6227
peanutbase.org,5930
www.niagads.org,5888
swissregulon.unibas.ch,5813
cr28603.uzbrussel.be,5813
gryc.inra.fr,5720
plmine.mpi-cbg.de:8088,5614
lncrna.big.ac.cn,5595
sweetpotato.plantbiology.msu.edu,5450
172.16.0.50,5318
legumeinfo.org,5052
marinegenomics.oist.jp,4707
www.t1dbase.org,4591
d15hswjloo3c4x.cloudfront.net,4556
dubcovskylab.ucdavis.edu,4514
localhost:8090,4477
blast.ibbr.umd.edu,4468
www.sgn.cornell.edu,4456
taurus.mskcc.org,4344
bioinf.eva.mpg.de,4276
jbrowse-test.xenbase.org,4151
viewer.shigen.info,4131
www.icugi.org,4125
fahc.pieriandx.com,4118
cgm.sjtu.edu.cn,4111
www.whiteflygenomics.org,4024
137.189.43.160:8080,3798
jbrowse.alliancegenome.org,3728
vbrighttools01x.uzbrussel.be,3691
www.bioinfocabd.upo.es,3628
uab.pieriandx.com,3554
hikakudb.nig.ac.jp,3530
diw3fijgkc9gx.cloudfront.net,3503
www.peanutbase.org,3476
wheat.pw.usda.gov,3472
127.0.0.1:8000,3466
cloud.limgroup.eu,3390
dev.jbrowse.southgreen.fr,3386
demo.pieriandx.com,3351
knowpulse.usask.ca,3329
metazome.jgi.doe.gov,3228
www.forestrylab.org,3214
iris.angers.inra.fr,3191
popfly.uab.cat,3180
www.alfalfatoolbox.org,3149
bioinf.mind.meiji.ac.jp,3146
bigd.big.ac.cn,3101
aventus.pieriandx.com,3062
www.picb.ac.cn,3040
jbrowse.molgenrug.nl,2965
paramecium-beta.i2bc.paris-saclay.fr,2943
192.168.3.253,2935
216.47.151.96:8085,2918
gph.niid.go.jp,2859
plantdhs.org,2839
denovo.cnag.cat,2815
lipm-browsers.toulouse.inra.fr,2793
apollo.berkeleybop.io,2792
127.0.0.1,2656
localhost:5800,2656
ijgvd.megabank.tohoku.ac.jp,2648
annotation-prod.scilifelab.se:8080,2648
odin-prod.perkinelmerdna.net,2620
localhost:8888,2548
target.sbg.qb.fcen.uba.ar,2545
www.pombase.org,2527
imethyl.iwate-megabank.org,2445
jbrowse.ilweb01.lt.local,2422
nobel.gedv.pasteur.fr,2414
180.208.58.19,2377
localhost:3000,2353
plantomics.mind.meiji.ac.jp,2347
192.168.1.115,2338
biored.ddns.net,2298
apollo.tgac.ac.uk,2268
www.melonomics.net,2246
ange-data-08.calcul.i2bc.paris-saclay.fr,2212
immunobase.org,2196
210.34.81.56,2184
genomes.stowers.org,2150
uva.pieriandx.com,2150
mines.legumeinfo.org,2134
ibi.zju.edu.cn,2132
www.spinachbase.org,2128
www.candidagenome.org,2124
hymenopteragenome.org,2122
122.112.248.194,2074
dash,2046
10.42.0.7:8081,2038
chlambase.org,2027
d7bjdkhvgxpai.cloudfront.net,2020
medicinalplantgenomics.msu.edu,2008
cys.bios.niu.edu,2008
www.rgenome.net,1948
furlonglab.embl.de,1944
www.pristionchus.org,1937
www.chogenome.org,1898
jbrowse.amyris.local,1898
162.243.149.53:8887,1886
parasite.wormbase.org,1878
albiorix.bioenv.gu.se:8080,1875
human3dproteome.com,1875
jbrowse.rijkzwaan.com,1874
202.194.139.32,1867
www.citrusgenomedb.org,1848
www.rmbreeding.cn,1809
efam.nzcorp.net,1792
alphagenomix.pieriandx.com,1791
peach.igh.cnrs.fr,1765
simrbase.stowers.org,1754
colossus.biotec.or.th,1745
jbrowse.cgb.indiana.edu,1738
aklppr31.pfr.co.nz.:8080,1715
mgl.pieriandx.com,1712
localhost:8082,1696
d16uw076qq0m84.cloudfront.net,1690
140.116.56.177,1682
www.homd.org,1680
pegasus-bioinfo.angers-nantes.inra.fr,1642
www.yeastgenome.org,1626
dartmouth.pieriandx.com,1600
www.pseudomonas.com,1593
whiteflygenomics.org,1588
structurome.bb.iastate.edu,1580
172.16.0.206:81,1572
wakeforest.pieriandx.com,1570
apollo.nal.usda.gov,1548
ngsdemo.persistent.co.in,1540
glent-qa-1.be.bayercropscience,1524
lulab.life.tsinghua.edu.cn,1516
bioinfo.bti.cornell.edu,1514
bicresources.jcbose.ac.in,1507
triticeaetoolbox.org,1503
14.139.59.222:8080,1496
fungalgenomics.science.uu.nl:8080,1491
137.189.43.109,1464
grch37-cancer-legacy.sanger.ac.uk,1462
sunflowergenome.org,1451
www.facebase.org,1444
brachypan.jgi.doe.gov,1438
crispor.ccm.sickkids.ca,1437
sollab.cshl.edu,1435
assay.archerdx.com,1431
togogenome.org,1408
rna.sysu.edu.cn,1387
weatherby.genetics.utah.edu,1363
cap.ensemblgenomes.org,1344
www.cazy.org,1341
plasticite.supagro.inra.fr:8080,1341
phytozome-dev.jgi.doe.gov,1327
211.69.140.130,1316
137.189.43.55,1316
www.gensas.org:8443,1300
pathogenseq.lshtm.ac.uk,1300
leish-esp.cbm.uam.es,1284
www.bio-bigdata.com,1270
northshore.pieriandx.com,1266
www.genomics.verinomics.com,1256
aegilops.wheat.ucdavis.edu,1251
141.244.40.114,1244
cho-epigenome.boku.ac.at,1241
cancer-beta.sanger.ac.uk,1238
data.maizecode.org,1235
134.130.28.14,1209
kitbase.ucdavis.edu,1206
apollo-stage.nal.usda.gov,1205
combattb.sanbi.ac.za,1205
gbf.toulouse.inra.fr,1197
cedarssinai.pieriandx.com,1190
dev.wormbase.org:9020,1188
www.cottongen.org,1183
137.205.123.127,1181
124.16.129.42,1172
esharkgenome.imcb.a-star.edu.sg:8000,1169
sysbio.gzzoc.com,1160
sma.pieriandx.com,1147
crispr.technology,1138
216.47.151.240:8085,1119
pgdx.pieriandx.com,1117
170.212.137.168,1116
192.248.21.78:8084,1115
plantsmallrnagenes.science.psu.edu,1111
analysis.preview.archerdx.com,1096
jbrowse.hpcagrogenomics.wur.nl,1091
dev.niagads.org,1087
www.fishbrowser.org,1078
togovar.biosciencedbc.jp,1071
59.79.232.11,1068
plantgenomics.snu.ac.kr,1058
124.16.129.48,1040
www.bovinegenome.org,1038
202.127.22.67,1036
old-gep.wustl.edu,1032
dev.novocraft.com,1022
thines-lab.senckenberg.de,1020
nfingb.leibniz-fli.de,1017
apollo.vital-it.ch,1017
jbrowse-hopbase.cgrb.oregonstate.edu,1013
sohi.ecology.kyoto-u.ac.jp,1008
172.20.20.241,981
10.100.22.6,977
pathwest.pieriandx.com,967
www.rgd.mcw.edu,965
njp-dev.jgi.doe.gov,961
10.37.0.250,935
192.168.56.18:8080,934
172.20.20.243,932
202.195.250.105,922
152.7.99.244,919
webapollo.bioinformatics.csiro.au,912
10.112.31.15,910
dxarch04.ignyta.local,909
www.bowhead-whale.org,902
ssr,901
regulomics.mimuw.edu.pl,899
10.0.0.29,893
togodb2.kazusa.or.jp,891
192.168.5.82,881
134.245.63.238:8080,878
localhost:1337,873
tools.genxpro.net,871
arusha.nhgri.nih.gov,870
rtlvarca01.labcorp.com,864
teabrowser.shengxin.ren,863
mtb.dobzhanskycenter.org,861
ngs-path02.lumcnet.prod.intern:8888,859
biocomplx.phibred.com,856
210.46.80.146,854
bindu.plasmodb.org,853
code4dna.com,848
vre.multiscalegenomics.eu,847
careexpress.6655.la:17916,839
192.168.52.128,839
10.200.1.241,839
39.106.204.218,838
cmb.bnu.edu.cn:8088,833
bioinfolab.miamioh.edu,831
192.168.34.39,823
birdbeta.isisph.com,822
10.114.143.20,820
delta.big.ac.cn,820
togovar.org,815
210.27.97.107:7777,814
www.swissregulon.unibas.ch,811
140.109.48.70:9517,810
wolferine.ucd.ie,802
pieriandxproddevqa.pdx.aws,802
130.220.208.2,801
rcug-galaxy1.mh-hannover.local,800
210.46.85.201:8080,796
bdg.hfut.edu.cn,795
gbr3,792
arete,790
bioinfo.nwafu.edu.cn,785
crobiad.agwine.adelaide.edu.au,782
webapollo2.vectorbase.org,780
gpstest.pieriandx.com,780
147.99.112.52,775
159.226.67.237,774
pieriandxtest.pieriandx.com,773
demo.genomearchitect.org,771
jbrowse.jhhlab.tw,768
suhanggo.seeders.co.kr,768
jbrowse.insilicogen.com,767
jbrowsevar.renlab.org,761
cazy212.afmb.local,759
donald,756
mockaitis.ncgas.org,756
mmodev.sb-roscoff.fr,746
10.49.121.5,745
gpsdev.pdx.aws,744
gbdev.nig.ac.jp,744
bis.zju.edu.cn,740
jbrowse-dev2.acpfg.local,736
137.189.43.231,735
jbrowse.solynta.com,734
sacibase.ibb.unesp.br,733
129.130.89.51,732
www.bioinformatics.nl,725
www.tomatogenome.net,724
158.109.57.222,724
i.animalgenome.org,721
mgap.ohsu.edu,711
172.20.20.247,709
jbrowse-test.sgn.cornell.edu,707
pseudomonas.com,701
penguin.genomics.cn,699
inno.npz.local,695
db.cbi.pku.edu.cn,687
abims.sb-roscoff.fr,682
plantseq.org,680
www.rnanet.org,679
jbrowse.intranet.dow.com,670
ricebase.org,669
cgbase.arkgene.com,668
genome.igib.res.in,664
www.brh2.jp,662
192.168.0.118,661
sgn.cornell.edu,660
10.0.0.48,656
efishgenomics.integrativebiology.msu.edu,653
192.168.16.95:5050,653
128.233.222.29,652
cgr-referencegenome.boku.ac.at,652
nicotiana-webapollo.sgn.cornell.edu,651
localhost:63342,647
archer.biopticka.local,644
140.109.183.233,644
210.72.156.24,634
gds-reports-web.science-at-scale.io,628
www.vaccinium.org,627
galaxy.cineca.it,626
biocc.hrbmu.edu.cn:82,623
aspgd.broadinstitute.org,621
sch.pieriandx.com,620
peanutgr.fafu.edu.cn,618
odin-dev.perkinelmerdna.net,614
210.75.224.168:8080,613
genome.setac.org,612
peach.fafu.edu.cn,606
172.29.2.99,601
marimba.obs-vlfr.fr,600
grch37-cancer.sanger.ac.uk,598
172.20.8.18,593
genseq-h0.science.uva.nl,592
172.17.107.172,591
dgdarcher504.chop.edu,587
pichiagenome-ext.boku.ac.at,587
dev.rgd.mcw.edu,587
127.0.0.1:8080,585
jbrowse.plant-biotech.biologie.privat,585
210.27.97.108,583
ribosemap.biosci.gatech.edu,582
128.178.187.147,580
158.109.126.93,579
bioinfo.ihb.ac.cn,575
115.146.85.22:8080,574
hanamdg.sial.com:8080,572
54.210.66.87,571
nabic.rda.go.kr,570
tesla.pcbi.upenn.edu,569
srv00.recas.ba.infn.it,567
vollbrechtlab.gdcb.iastate.edu,562
www.naked-mole-rat.org,558
beagle.windows.ebi.ac.uk:8888,557
genedenovoweb.ticp.net:81,554
47.94.223.5,554
rio.nzcorp.net,545
nm.pieriandx.com,545
prime-seq.ohsu.edu,544
128.192.99.108:8080,543
marmorkrebs.dkfz.de,538
nextmolecular.pieriandx.com,535
cr28603.uzbrussel.be:83,532
childslab.plantbiology.msu.edu,531
ftflowsvr01:8080,522
genomebrowser.uams.edu,521
echinobase.org,519
192.168.0.69:8080,518
222.200.187.174,516
geneart.med.unideb.hu,516
beta.sgc.loc:3000,516
www.plabipd.de,513
pieriandxprod.pieriandx.com,513
www.genome.arizona.edu,512
10.113.72.170,510
tigriopus.synology.me:8080,509
10.75.119.201,506
bioinformatics.forsyth.org,505
jbrestel.plasmodb.org,505
bcg.abrc.sinica.edu.tw:443,504
jserizay.site,503
localhost:11001,502
61.148.58.210:8080,498
42.123.124.204:8081,497
140.110.17.247,496
www.lisanwanglab.org,495
biodb.sdau.edu.cn,494
www.coolseasonfoodlegume.org,492
192.168.203.138:8080,491
als2077-unix1.science.oregonstate.edu,490
plant1.kazusa.or.jp,487
peanutbase-stage.usda.iastate.edu,487
tomatolab.cshl.edu,484
172.16.1.36,484
edge-prod.lanl.gov,479
titin.ucd.ie,478
bovinegenome.org,478
genomics.dote.hu,477
songyanglab.sysu.edu.cn,476
dictybase.org,473
queitsch-jbrowse.gs.washington.edu,472
floridahospital.pieriandx.com,472
ceres.snu.ac.kr:9994,470
genexpdb.okstate.edu,468
genedb-apollo.dev.sanger.ac.uk,468
10.22.58.249,467
wikigenomes.org,464
agwg.rockefeller.edu:8080,464
kp141-242,464
10.53.18.133,462
thehive.otago.ac.nz:8080,459
genome.bluhmlab.com,459
jbrowsedev.com:1337,457
ptbbsrv3.epfl.ch,454
apollo.bi.up.ac.za:8080,454
dbsecsys.bhsai.org,453
192.168.25.170,452
oxy-gen.pieriandx.com,452
101.200.190.143:8080,451
aiptasia.reefgenomics.org,449
10.49.95.73,447
sysbio.sysu.edu.cn,442
ipomoea-genome.org,442
192.168.1.100:8080,440
asrp.danforthcenter.org,437
darter2.westga.edu,436
bioserv-test,435
192.168.1.119:8094,434
cosmic.dev.sanger.ac.uk,433
hinton-jbrowse.s3-website-eu-west-1.amazonaws.com,433
dev.facebase.org,432
tnr2911.tnrad.local:8000,431
scicomp-pc-6.mpi-cbg.de:8088,430
biocluster.her.hcmr.gr,429
apollo.janelia.org,427
vroomfondel.bc.ic.ac.uk:8080,424
10.199.105.113,423
192.168.118.25,422
cloud5.galaxyproject.org,421
210.218.217.106,420
isyslab.info,419
botryllus.stanford.edu,417
radish.kazusa.or.jp,417
verdant.iplantcollaborative.org,416
18.188.225.24,416
salmobase.org,414
ann-nblrrome.tuebingen.mpg.de,414
apollo.phibred.com:8080,414
dynamiterice.org,411
genoweb.toulouse.inra.fr,411
genome.lygos.com,409
localhost:11000,408
134.192.156.201:8080,407
192.168.52.129,401
maizegametophyte.org,399
140.254.156.169,399
143.169.30.178,399
bf2i300.insa-lyon.fr:8080,398
localhost:8084,398
192.168.0.140,396
150.26.44.159,394
aleyroctonus.asc.ohio-state.edu,393
test-bioinfo.obs-vlfr.fr,392
133.48.62.140,391
134.192.156.202:8080,391
10.93.132.25,390
115.146.89.73,389
nereis.univ-lille1.fr:7564,387
lis-stage.usda.iastate.edu,383
160.36.205.61:8095,383
localhost:5801,382
analysis.previous.archerdx.com,382
141.244.133.122,382
www.collembolomics.nl,380
54.175.12.55,380
shigen.nig.ac.jp,378
ange-data-02.calcul.i2bc.paris-saclay.fr,378
epigen-zhong.discovery.wisc.edu,377
59.79.248.25,377
10.68.99.186,376
192.168.10.222,375
133.6.22.12,374
128.32.118.203,374
39.106.57.70,374
103.61.226.71,374
hli.pieriandx.com,372
urgi.versailles.inra.fr,371
192.168.1.11:8085,370
sas-us-leb-seq,368
demoopsqa.opsqa.pieriandx.com,367
cloud5.galaxyproject.org:8080,367
137.189.133.76,367
130.85.169.215,367
192.168.1.20,366
10.0.2.15,364
10.10.83.81,360
60.205.203.178:8082,360
194.199.55.39,359
localhost:8081,358
dev-y.smestorage.com,357
10.0.0.100,356
research.nhgri.nih.gov,355
cherry.kazusa.or.jp,354
140.113.203.184:8080,354
172.20.20.228,353
togovar_test.l5dev.jp,353
86.50.169.181:8080,351
dev.gensas.org:8453,350
glassqa.phibred.com:8081,350
migale.jouy.inra.fr,350
210.34.81.125,347
www.hardwoodgenomics.org,345
jbrowse.latrobe.edu.au,345
opathy.uv.es,342
apollo.nematodegenomes.org,340
jbrowse,340
133.48.58.6:8080,339
wukong,339
plasticite:8080,338
192.168.2.199,336
192.168.56.18,335
jbrowse.dev.yeastgenome.org,335
10.30.10.125,335
52.83.249.161:8081,335
petunia-webapollo.sgn.cornell.edu,334
lbb.cnpae.embrapa.br,333
bio-bigdata.hrbmu.edu.cn,332
betula.biosci.helsinki.fi:8080,331
locustmine.org,331
t1dbase.org,330
morlscrnaseq.org,330
uw.analysis.archerdx.com,329
dev-a.smestorage.com,329
rgv.genouest.org,328
webapollo.science.uu.nl:8080,328
dh135,327
jbrowse-dev.jcvi.org,327
irhs-001,323
xenopus.lab.nig.ac.jp,322
nod6.umbr.cas.cz,320
www.breedserve.cab.kps.ku.ac.th,319
146.118.64.11,318
bioweb1.es.dupont.com:1557,313
grassius.org,313
10.192.36.17:8080,312
wcntusmjwzyxx:8082,312
chogenome.org,310
salmonbase.org,310
hymenopteragenome.org:8080,309
dev6,308
jbrowse.cebitec.uni-bielefeld.de,307
140.113.203.185,307
hardwoodgenomics.org,306
ssl.biomax.de:8810,306
mangobase.org,304
jbrowse.merck.com:8080,304
202.97.205.69:84,303
jbrowse.bioinfotech.org,303
www.fernbase.org,303
10.9.5.14:8080,302
sinin.kps.ku.ac.th,301
tgwebdev.cam.uchc.edu,301
www.grassius.org,301
bmap-dev.jgi.doe.gov,301
pieriandxopsqa.opsqa.pieriandx.com,301
bmi.xmu.edu.cn,299
10.0.0.15,299
compbio.tongji.edu.cn,297
exploreageno.me,296
fernbase.org,296
147.100.164.47,294
antgenomes.org,292
knowpulse.usask.ca:8080,292
10.90.75.247:8080,288
ginsengdb.snu.ac.kr,287
srivastavalab.rc.fas.harvard.edu,285
u031331.science.uva.nl,283
dna-marker.biocenter.helsinki.fi,283
jbrowse.jcvi.org,283
192.168.50.14:1338,282
chewbacca.bi.up.ac.za:8080,282
34.201.39.192,282
edwapollo.babs.unsw.edu.au,282
nike.snu.ac.kr:7776,281
jbrowse-rgv.genouest.org,281
172.22.220.29,278
10.75.28.170:8080,277
galaxy.genouest.org,275
www.bio-bigdata.net,273
0.0.0.0:8080,272
www.burkholderia.com,271
galaxy-mel.genome.edu.au,271
134.192.156.204:8080,271
192.168.56.102,270
localhost:8085,269
10.157.216.34,269
10.4.1.101,268
gmod.github.io,267
test.rosaceae.org,267
genom.litbang.pertanian.go.id,266
docker-jbrowse-adebali.cloudapps.unc.edu,266
115.145.138.237:8082,266
archer,264
13.113.77.198:8000,262
fireflygenomebrowser.wi.mit.edu,262
clevelandclinic.pieriandx.com,262
heliodor.nki.nl,261
192.168.1.229:8081,261
jbrowse.cirad.fr,261
mmo.sb-roscoff.fr,260
s-tx-nexustest,260
browse2.big.ac.cn,259
varitome.sgn.cornell.edu,259
132.248.220.37,259
52.90.201.28,259
www.solgenomics.org,258
pineapple.angiosperms.org,258
dev.chlambase.org,258
cloud.life.tsinghua.edu.cn,257
findfusions.com,256
192.168.1.101,255
194.199.242.6,254
192.168.20.85,254
149.165.157.108,254
bioinformatics.erc.monash.edu,254
biogenlink.digicon.com,253
pombase-dev.bioinformatics.nz,253
docker:8080,249
192.168.25.167,249
133.26.84.46,247
bioinfo.florimond-desprez.fr,247
147.99.108.97,247
galaxy.dna.affrc.go.jp,247
maizeinflorescence.org,246
dove.ceh.uvic.ca,245
asparagus.uga.edu,245
10.122.65.228,243
www.jcvi.org,242
122.205.95.172:8080,242
csr.cuhk.edu.hk,242
10.245.128.39,240
10.157.217.77,239
rayfin.uoregon.edu,239
proteinmodelling-server.swan.ac.uk,239
gpsdev.dev.pieriandx.com,239
d-annotator.interomics.eu,235
jbrowse.brachypodium.org,234
202.120.41.217,234
192.168.1.2:6464,234
localhost:8887,233
52.70.95.246,233
dev.multiscalegenomics.eu,232
peach.igh.cnrs.fr:8080,232
hoekstrapero.rc.fas.harvard.edu,230
bang.enz.local,230
10.71.115.210,230
192.126.123.68,230
aestivum.accwi.org.au:8080,229
bias4.nibb.ac.jp:8113,229
172.20.20.237,229
134.121.85.160:8080,228
192.168.140.186,227
test.cottongen.org,227
152.7.99.230,226
bioinfo-mac-8,225
10.200.50.178,225
www.fireflybase.org,224
159.226.67.237:6080,223
www185.lamp.le.ac.uk,222
deepbiology.cn,220
10.253.21.69,219
172.20.4.59:3002,218
apollo.ips2.u-psud.fr:8080,217
careexpress.6655.la:60119,216
p00701.genebay.co.jp:8443,215
10.10.20.88,215
datacenter.oceanridgebio.com,215
compbio,214
nucmap.bigd.big.ac.cn,214
bioinf.xmu.edu.cn,212
cancer-legacy.sanger.ac.uk,211
apollo.ppglab.org,210
141.244.134.147:11000,210
igenomed4.stanford.edu,210
35.8.120.44,210
regadb.bahia.fiocruz.br,209
158.109.126.93:7000,206
localhost:5802,206
hpc-bioinformatics.cineca.it,206
210.21.87.237:50070,206
thymine01,206
jbrowse.abolis.loc,204
nemogenome.cbrc.kaust.edu.sa,204
www.algaegenome.org,203
leishseq.cbm.uam.es,203
jbrowse.oceancloud.cn,203
modem.hzau.edu.cn,202
staging.com,202
data.sciapps.org,202
bioserv02,202
127.0.1.1,200
140.109.32.56,200
uabtest.pieriandx.com,200
jcdb.xtbg.ac.cn,199
fly.med.harvard.edu,199
ebbapollo:8443,199
54.40.223.139:8080,198
bioinfodbs.kantiana.ru,198
tcap.pw.usda.gov,197
neuroseq.janelia.org,197
10.88.33.44:8443,197
strawberry-garden.kazusa.or.jp,197
emboss.abc.hu,196
200.144.244.219:8080,195
veeninglab.com,195
de.cyverse.org,194
jupyter.sci.gmi.oeaw.ac.at,194
genome.jouy.inra.fr,194
gevd01.hosting.pasteur.fr,193
solgenomics.org,192
mayotest.pieriandx.com,192
hintonserv.bioscience.liv.ac.uk,192
pennycress.umn.edu,191
ing-lxs60.ingelheim.bioscientia.de:8099,191
www252.lamp.le.ac.uk,191
211.69.140.136,191
bouzouki.bio.cs.cmu.edu,190
www.gewusci.com,190
192.168.16.248,190
bioinformatics.zju.edu.cn,190
sndg.qb.fcen.uba.ar,189
ebbextern.uni-muenster.de:8443,189
ep.dbcls.jp,189
jt6-cosmic.sandbox.sanger.ac.uk,188
arkham.exp.dc.uba.ar,188
naked-mole-rat.org,188
140.110.17.14,187
simrbase.stowers.org:8080,187
apollo-dev.nal.usda.gov,186
clevelandclinictest.pieriandx.com,186
192.168.248.246:8080,185
analysis.tch.harvard.edu,185
planc-te.cp.utfpr.edu.br,185
10.83.75.42,184
yeastss.org,184
localhost:8098,183
www.insect-genome.com,183
130.56.102.10,182
coppolalab.ucla.edu,182
133.26.84.80,181
plantpolya.org,181
dev.togogenome.org,180
www.gene.bio,179
ncig-genomebrowser.anu.edu.au,178
amphimedon.qcloud.qcif.edu.au,178
172.20.20.244,178
128.214.53.152:3838,177
ge.geneconversion.org,177
lymedisease.med.ucf.edu,176
172.20.0.59,176
127.0.0.1:8888,176
192.168.56.1,176
lithium.kaust.edu.sa,175
192.168.211.77,175
macroteleia.biosci.ohio-state.edu,175
192.168.72.38,175
54.68.127.47,174
193.219.91.103:12497,174
150.164.24.16:8888,173
192.168.56.1:8080,172
10.0.0.253,172
localhost:10080,172
172.30.184.31,171
togovar.l5dev.jp,171
10.2.40.78,171
192.168.118.133,170
ds.genome.med.kyoto-u.ac.jp,168
sunlab.cau.edu.cn,168
192.168.64.23,168
glent-qa-1.emea.agrogroup.net,168
141.244.134.147,166
beta.immunobase.org,166
beagle.windows.ebi.ac.uk:8889,166
147.99.34.11,166
bang,165
158.109.215.162,165
quiver.archerdx.com,165
v22.popgenie.org,165
10.75.119.196,165
10.4.19.128,164
bnlvarcaqa.labcorp.com,164
webs.iiitd.edu.in,164
tigriopus.synology.me:8085,164
dnamethylome.org,163
kbase.us,163
ec2-107-21-134-158.compute-1.amazonaws.com,163
ubuntulinux.westus.cloudapp.azure.com,163
ibeetle-base.uni-goettingen.de,162
test.togovar.l5dev.jp,162
sjcbiobox.driscolls.com:81,162
bowhead-whale.org,161
133.39.75.173,161
nb7-cosmic.sandbox.sanger.ac.uk,160
hpoly.nematodegenomes.org,160
128.206.116.5:8080,159
brie.cshl.edu:8080,158
tubic.tju.edu.cn,158
elrh6gene01.dow.com,157
134.192.156.203:8080,157
summit.med.unideb.hu,157
marmoset.dna.bio.keio.ac.jp,156
mandolin.caltech.edu,156
localhost:50070,156
10.10.6.78,156
129.114.17.205,155
qa.genomenext.net,155
35.190.145.218,155
10.11.16.11,155
binkley.candidagenome.org,154
159.65.161.187,154
192.168.253.152,154
dna-marker.biocenter.helsinki.fi:8085,154
mirlab.sysu.edu.cn,153
172.17.246.179,153
192.168.1.50,153
hub-test.bu.edu,153
phylogicangs,153
tagrc.org,153
ghost.zool.kyoto-u.ac.jp,152
sonic.pieriandx.com,152
test-bioinfo,150
134.7.57.190:8888,149
185.45.23.197:5080,148
bcrf-chlorella.unl.edu,148
dev.lungmap.net,148
eclipse.biotec.or.th,148
www.wikigenomes.org,147
ufl.analysis.archerdx.com,147
sn-jbrowse-0.scinet.ars.usda.gov,147
gps.devqa.pieriandx.com,146
128.206.234.23:8080,146
bioinfo.imtech.res.in,145
192.168.0.119,145
azolla.science.uu.nl,145
smic.reefgenomics.org,144
202.194.131.198,144
gene.linkdoc.com,144
wanglab.info,144
web.bioinformatics.ic.ac.uk,144
www.tetrans.ethz.ch,143
forestgen.ffpri.affrc.go.jp,142
usegalaxy.eu,142
sibyl.wormbase.org,142
134.192.131.251:8080,142
www.artichokegenome.unito.it,141
fisher.rsb.anu.edu.au,141
10.151.29.120,141
10.84.2.11,140
134.95.254.121,140
staging.genomenext.com,140
149.165.168.238,140
10.22.57.177,140
192.168.20.61,139
gene.dev203.linkdoc.com,139
10.131.101.159:8080,139
vpgsb-jbrowse.scidom.de,139
blade05.platomics.com,138
crdd.osdd.net,138
10.22.57.178,138
jbrowse-dev.alliancegenome.org,138
211.192.85.237,138
koke.asrc.kanazawa-u.ac.jp,137
amborella.uga.edu,137
114.215.221.170,137
myers.bioinformatics.nl,136
repeatexplorer-elixir.cerit-sc.cz,136
127.0.1.1:7777,136
jbrowse-dev2,136
vs443.vll.se,136
ytmac.nig.ac.jp:8080,136
jbrowse.smu.edu.cn,135
106.244.232.196,135
39.107.244.151,135
p00201.genebay.co.jp:8443,134
openstack-192-168-101-219.genouest.org,134
www.scnbase.org,134
203.101.225.212:8080,134
tricoretest.pieriandx.com,134
10.10.20.22,133
genomics.usal.es,133
beetlebase.org,133
192.168.142.129,132
jbrowse.bioinformatics.danforthcenter.org,132
iris.ensembl.org,132
jbrowse.abolis.loc:8888,132
staging.facebase.org,132
genomes.stowers.org:8080,131
www.thines-lab.senckenberg.de,131
icuginew.feilab.net,131
www.termitegenome.org:8080,131
10.93.132.63,130
xebec.dbs.umt.edu,130
mmodev2:8080,129
www.biw.kuleuven.be,129
cas-ie2-apollo.uoregon.edu,128
urgi148:8080,128
192.168.160.133,128
132.66.114.84,127
jbrower.vardetect.com,127
sasdb.medgenome.com:9443,127
zhoulab5.rccc.ou.edu,126
10.74.186.113,126
galaxy.ple.roche.com:8080,126
icp-test.incpm.weizmann.ac.il,126
10.21.1.56,126
asm-microsvcs01.l.synthgeno.global:8989,125
mmb.irbbarcelona.org,125
ihpe-249.univ-perp.fr,125
apiaceae.njau.edu.cn,125
reswebdev301.gene.com,125
sgn-test.sgn.cornell.edu,124
192.168.12.160,124
moffittdevqa.pdx.aws,124
218.189.16.133,124
bioinformatik.basf-ag.de,124
genomicsal.es,123
oboe.caltech.edu,123
www.yeastss.org,123
msk.analysis.archerdx.com,122
bio.driscolls.com,122
localhost:2001,122
172.17.64.102:3232,122
maizegenomics.plantbiology.msu.edu,122
mockler-jbrowse.mocklerlab.org,121
langelabtools.wsu.edu,121
218.193.51.153:8080,121
192.168.142.130,121
jbrowse-dev.solynta.com,121
test.parasite.wormbase.org,120
seabase.obs-vlfr.fr,120
bcg.abrc.sinica.edu.tw:8080,119
203.230.60.182,119
mmodev2:8085,119
parasitoids.labs.vu.nl,119
172.19.35.54,119
mcg.pieriandx.com,119
bioinfor.scu.edu.cn,119
192.168.0.105,119
10.71.115.70,118
localhost:55555,118
nod6:8080,118
chlamy-organelles.ibpc.fr,118
192.168.1.102,118
indexdb.ncbs.res.in,118
vroomfondel:8080,117
spruce.plantphys.umu.se:8105,117
bioinfo.cgiarad.org,117
brie.cshl.edu:8082,117
latte.nhgri.nih.gov,116
54.237.218.249,116
cegresources.icrisat.org,115
192.168.103.9,115
192.168.2.199:9090,115
www.cucurbitgenomics.org,114
10.75.206.133,114
fox.rgd.mcw.edu:8080,114
192.168.1.5,113
172.29.2.74,113
10.10.181.247,113
gum.plantgenie.org,113
brachypan-dev.jgi.doe.gov,112
192.168.224.24:9999,112
147.46.172.224,111
dirac.basc.science.depi.vic.gov.au,110
www.gensas.org:8453,110
localhost:65008,110
172.29.4.215:8080,109
localhost:8889,109
yzlab.lhgene.cn:8082,109
geneious-test:8888,109
seeders.iptime.org:4880,109
23.21.254.0:1337,109
bhofmei.github.io,109
spinachbasez.feilab.net,109
staphbrowser.org,108
cugr.dev,108
106.14.224.145:8080,108
hazelnut.blast.mocklerlab.org,107
192.168.70.27,107
192.168.0.188,107
localhost:9002,107
data.koalagenome.org,106
159.226.89.116:8080,106
202.195.250.106,106
www.medcomp.medicina.unipd.it,106
asgdb.org,105
gwas-browser.nygenome.org,105
fuchshai.geomar.de,105
129.194.89.207:8080,104
biocomp.phibred.com,104
192.168.46.128,104
localhost:4000,104
bioinfo.njau.edu.cn,103
www.lmb.cnptia.embrapa.br,102
biol-schen03d.sols.uq.edu.au:8080,102
blade05,102
alejandropc:3232,102
dmb-cosmic.sandbox.sanger.ac.uk,102
tokyogw.bits.cc,102
10.10.116.28,101
brd.isisph.com,101
localhost:8383,100
aghiera.it.csiro.au:8080,100
pophuman.uab.es,100
grna.ctegd.uga.edu,99
igenomed.stanford.edu,99
www.bioinfo.uwindsor.ca,99
ci.kbase.us,98
phylofish.sigenae.org,98
localhost:5000,98
172.16.0.173:8080,98
10.88.34.68:8443,98
192.168.1.28,98
www.geneconversion.org,98
ctbstage.sanbi.ac.za,98
iebapollo.uni-muenster.de:8443,98
kumamushi.org,97
192.168.1.221:8004,97
avesha,97
localhost:12000,97
52.58.217.25,97
jbrowse.igs.umaryland.edu,96
www.serioladb.org,96
burkholderia.com,96
cowpea.it.csiro.au:8080,96
chond77516.phaseolus.biz,96
icebox.lbl.gov,95
aetionomy.uni.lu,95
172.16.255.28,95
10.1.202.24,95
www.genomevolution.org,94
chlorella.unl.edu,94
78.34.13.92:6143,94
scicomp-pc-6.mpi-cbg.de,94
ngs.molgenrug.nl,93
vw-genomebrowser.central.yale.internal,93
localhost:8886,93
ynpags.nig.ac.jp:8080,93
spider.0t0.jp,92
cedarssinaiopsqa.opsqa.pieriandx.com,92
biodb.swu.edu.cn,91
stripedbass.animalgenome.org,91
134.95.254.122,91
127.0.0.1:9999,91
hevea.biocloud.net,91
yambase.org,91
topaz.gatech.edu,91
133.26.84.168,90
192.168.200.21,90
152.7.99.205,90
gps.devqa.pdx.aws,90
10.10.87.36,90
218.6.173.107,90
xieslab.org,90
plabipd.de,89
ts41,89
192.168.1.2:8899,89
cassavabase.org,88
163.26.2.35,88
ssl.biomax.de,88
gif-server.biotech.iastate.edu,88
rapsodyn-is.genouest.org,88
chambo.umd.edu,88
genome.integragen.com,88
zhou.dc.org,88
www.mangobase.org,88
canada1.genome.edu.au,88
careexpress.6655.la:15999,88
jbrowse.naktuinbouw.net,88
brcwebportal.cos.ncsu.edu,87
moffitt.devqa.pieriandx.com,87
35.158.69.135,87
rpl-igmbuild01:8080,87
web.malab.cn,86
rest.rgd.mcw.edu,86
hhvarcherp01.tmh.tmhs,86
ceres.snu.ac.kr:9995,86
172.18.18.66:8080,86
134.121.88.135:8080,85
aquarius.mskcc.org,85
bioinfosecond.vet.unimelb.edu.au,85
10.23.6.98,85
browser-dept-repairbrowser.cloudapps.unc.edu,85
192.168.4.218:8083,85
ec2-54-89-245-194.compute-1.amazonaws.com,85
10.1.1.21,85
cnidarians.bu.edu,84
genolab.inp-toulouse.fr,84
192.168.70.116:8080,84
compbio-l,84
192.168.0.138,84
www.pxlence.com,84
loki:1111,84
hpc-s1.cs.technion.ac.il,84
137.215.73.215,83
mib.amu.edu.pl,83
labby,83
192.168.1.19,83
dev-y-preview2.smestorage.com,83
magic.re.kr,83
192.168.0.156,83
192.168.100.203,83
210.27.97.24,83
peanutbase-dev.usda.iastate.edu,82
localhost:8500,82
marimba,82
cluster-dev.florimond-desprez.fr,81
biotrainee.com,81
10.10.19.184,80
pc-biotech62.biologie.uni-greifswald.de,80
150.229.0.45:8080,80
kalbfleisch-equcab3.intrepidbio.com,80
geco.iplantcollaborative.org,79
crrd.mcw.edu,79
tfiid.med.harvard.edu,79
192.168.6.199:50070,79
h1.bioinfo.perdanauniversity.edu.my:8080,79
genome.brain-map.org,78
119.15.169.71,78
spis.reefgenomics.org,78
devapollo.babs.unsw.edu.au,78
dev-genome.annotation.jp,78
staph.unavarra.es:10080,77
gmod.ncgas.indiana.edu,77
dialact.unibe.ch,77
www.salmobase.org,77
wp-p2m-80.ebi.ac.uk:8080,77
54.224.83.239,77
cancertest.dev.sanger.ac.uk,77
10.2.40.9,77
cosmic.staging.sanger.ac.uk,77
juncogenome2017.ncgas.org,77
placeholder.wi.mit.edu,76
gigel.cshl.edu:8080,76
ceres.snu.ac.kr:9992,76
bldr-tst-analysis-13,76
planarian.jp,76
rcshige3.nig.ac.jp,76
192.168.0.81,76
192.168.2.26,75
trident.stjude.org,75
118.159.189.228,75
brecandb.igib.res.in,75
maizegenomics-dev.plantbiology.msu.edu,75
150.254.123.119,75
172.20.142.20,75
soybase-stage.usda.iastate.edu,75
140.254.156.125,75
172.25.34.51,75
pophuman.uab.cat.,74
pembertonlab.med.umanitoba.ca,74
moffitttest.pieriandx.com,74
10.226.65.242,74
northshoretest.pieriandx.com,74
target.sbg.qb.fcen.uba.ar:8083,74
77.235.253.238,74
clt-sai-1609-f:3232,74
preview.pombase.org,74
funbiotox.fafu.edu.cn,73
59.79.232.97,73
141.244.134.147:9000,73
edge-dev-master.lanl.gov,72
rd-jbrowse.app.pmi,72
152.7.99.207,72
134.158.151.66,72
epic.sci.gmi.oeaw.ac.at,72
119.23.221.199:3003,72
www.omicsmart.com,72
10.176.253.77,71
10.200.150.118,71
genejbrowse.linkdoc.com,71
vmr.usask.ca,71
129.194.96.117,71
114.160.88.246,71
edgebioinformatics.org,71
52.42.178.206,70
browser.porteco.org,70
genome.monarchinitiative.org,70
citrus.dna.affrc.go.jp,70
pieriandxprod.devqa.pdx.aws,70
149.165.169.118,70
tunguska-nrc.ddns.net,70
bacster.phibred.com,69
clovergarden.jp,69
sgt.cnag.cat,69
10.235.225.248:8080,69
54.201.219.255:8080,69
nathan.lungmap.net,69
w05-04.dna.affrc.go.jp:8080,69
210.27.94.129:8080,69
10.10.20.107:8080,69
www.omeresearchfacility.in,69
202.205.131.31,69
genome.taejoonlab.org,68
analysis-archerdx.pathology.columbia.edu,68
10.1.7.36,68
192.168.0.79,68
vert.fri.uni-lj.si,67
133.48.62.144:8000,67
mallorn.pirbright.ac.uk,67
147.100.104.70,67
tnr2911.tnrad.local,67
172.27.127.125,67
tricore.pieriandx.com,67
www.asgdb.org,66
yeastgenome.org,66
10.88.206.59,66
wp-np2-80.ebi.ac.uk:8080,66
archer-test.ccf.org,66
ffgc.wi.mit.edu,66
149.165.169.113,66
192.168.203.169:2000,66
141.20.62.214,65
10.18.24.49,65
zaglossus.biotech.cdc.gov,65
edge.oucru.org,65
203.101.226.177:8080,65
192.168.203.169:2015,65
genomics.bgu.ac.il,65
maize.jcvi.org,64
cluniobase.cibiv.univie.ac.at,64
77.235.253.122:8888,64
52.206.235.163,64
202.116.90.36,64
hgen-mlnx1.hgen.slu.se,64
ebbapollo.uni-muenster.de:8443,64
192.168.56.184,64
myopia.csdb.cn,63
bioxm.beyondbio.com,63
152.7.99.206,63
10.130.24.200:8003,63
genomesdev.stowers.org,63
beta.popgenie.org,63
vcru.wisc.edu,63
cjaponica.aws.kasahara.ws,63
expanded.homd.org,63
140.113.203.185:8080,63
whiteflyresearch.org,63
192.168.160.135,63
webblast.ipk-gatersleben.de,62
wheat.it.csiro.au:8080,62
coffee-webapollo.sgn.cornell.edu,62
143.248.131.177,62
192.168.1.3,62
localhost:2224,62
blossom.biol.yorku.ca,62
relu.sbamin.com:2015,62
10.200.131.21,61
stab.st-andrews.ac.uk,61
www.findfusions.com,61
136.159.155.146:8080,61
10.153.132.25:8081,61
104.196.134.59,61
149.155.193.77,61
wukong:8012,61
vm19058.virt.gwdg.de,61
beta.pseudomonas.com,60
candidagenome.org,60
10.96.8.162,60
203.101.229.35:8080,60
dxarch04,60
localhost:7778,60
10.3.249.52,60
tnibaseb.feilab.net,60
www.novodb.com:8080,59
nut.ngs.boku.ac.at,59
hancock.rgd.mcw.edu,59
rhesus.amu.edu.pl,59
us-643jj72.phibred.com,59
bioweb.eva.mpg.de,59
hank.bio.ed.ac.uk,59
im.net,59
apollo.int.janelia.org:8888,59
grch37-cancer-beta.sanger.ac.uk,58
192.168.224.24,58
150.254.122.197,58
agripestbase.org,58
nicotiana.sgn.cornell.edu,58
gpsdevqa.pdx.aws,58
152.7.99.208,58
10.0.4.51,58
10.7.26.13,58
115.145.203.19:8080,57
seabassgb.sanbi.ac.za,57
test.lungmap.net,57
bbip.genouest.org,57
odin7,57
tools.psc.riken.jp,57
10.71.1.249,57
127.0.0.1:9517,57
10.4.0.11:6080,56
130.60.201.174:3232,56
150.254.121.200,56
glassdev.phibred.com:8081,56
dev.www.flyrnai.org,56
jbrowse.am.lilly.com,56
jbrownies.programmingforbiology.org,56
garfield.igh.cnrs.fr,56
192.168.24.40,56
jbtest.com:1337,56
192.168.118.200,56
10.122.68.120,56
bioinformatics.uni-muenster.de,56
pgdbj.jp,55
www.ashgenome.org,55
155.253.6.64,55
apollo-qa.phibred.com:8080,55
blade01,55
melonomics.cragenomica.es,55
jbrowse.abc6.net:51124,55
hackensack.pieriandx.com,55
karaiskakio.analysis.archerdx.com,55
picea.plantphys.umu.se:18001,55
zoidberg,55
192.168.52.169,54
bldr-tst-analysis-04,54
10.73.128.89,54
119.15.169.70,54
by0qwv.na.agrogroup.net,54
115.146.92.60:8080,54
115.146.92.68:8080,54
clt-sai-1609-f:3231,54
legacy.cos.ncsu.edu,54
nemogenome.org,54
,54
findfusions.org,53
localhost:8070,53
arcprds.enhnet.org,53
140.113.207.99:32782,53
bioinformatics.caf.ac.cn,53
chogenome.am.lilly.com,53
35.10.204.201,53
citrusgreening-test.sgn.cornell.edu,53
176.159.234.116,53
gbox.lab.nig.ac.jp,53
ceres.snu.ac.kr:9991,52
inovadevqa.pdx.aws,52
breve.nhgri.nih.gov,52
192.168.187.128,52
localhost:7070,52
demoopsqa.pdx.aws,52
10.3.128.65,52
picea.plantphys.umu.se:18007,52
arclcdcpvm01.nyumc.org,52
192.168.2.199:9394,52
vc7hpc-248.hpc.wehi.edu.au:8081,52
192.168.5.204:8080,51
cnkbap1.snu.ac.kr:7779,51
www.ricebase.org,51
bmap.jgi.doe.gov,51
seadb.org,51
galaxy-qld.genome.edu.au,51
133.26.84.42,51
10.88.34.206:8443,51
archer51.fhcrc.org,51
dev.burkholderia.com,51
www.its.caltech.edu,51
210.115.36.146:8099,51
thaney-curation.igs.umaryland.edu,50
64.79.105.19,50
hlitest.pieriandx.com,50
130.85.169.215:8088,50
www.findfusions.org,49
owen.rgd.mcw.edu,49
plsci3.rnet.missouri.edu:8083,49
genome.zju.edu.cn,49
10.114.19.161,49
dh1981,49
218.9.199.12:8009,49
mcgb.uestc.edu.cn:8181,49
10.163.241.230,49
192.126.123.68:8080,49
219.245.196.155,49
nexustest.carisls.com,49
jbrowse.plantdhs.org,48
ftp.solgenomics.net,48
wp-p1m-80.ebi.ac.uk:8080,48
aklppr31.pfr.co.nz:8080,48
guineafowl.tpddns.cn,48
10.5.0.171,48
localhost:32130,48
backend.geniasis.com,48
symbs.reefgenomics.org,48
10.187.2.89,48
152.7.99.249,47
43.240.97.12,47
localhost:3080,47
140.109.29.48,47
www.smartcell.pro,47
rasalghul:2222,47
phylogicangs.ichr.uwa.edu.au,47
172.27.22.32,47
10.34.229.74,47
10.101.6.35,47
archpa00002.srv.sydney.edu.au,47
www.google.com.tw,46
inil-genome.xcoo.jp,46
ccbb.jnu.ac.in,46
pddngs-dev-04.biotech.cdc.gov,46
sjcbiobox.driscolls.com:82,46
192.168.80.88,46
192.168.1.197:628,46
61.130.10.146:3023,45
nemours.analysis.archerdx.com,45
138.4.136.220,45
titan,45
10.10.87.36:8080,45
ec2-54-209-125-3.compute-1.amazonaws.com,45
www.planarian.jp,45
111.230.140.177,45
ec2-35-153-203-133.compute-1.amazonaws.com,45
150.26.108.99:9980,45
bonn-oasis.zmnh.uni-hamburg.de,45
192.168.10.8,45
10.254.253.79,44
genome.enome.io,44
pnigrum.umanitoba.ca,44
bioinfo.jit.edu.cn,44
11.11.11.11,44
172.31.23.253,44
10.60.65.10,44
clevelandclinicopsqa.pdx.aws,44
arizona.pieriandx.com,44
sb-thes-jbrowse.s3-website-us-east-1.amazonaws.com,44
picea.plantphys.umu.se:9002,44
152.7.99.165,44
115.146.92.64:8080,44
tricoreopsqa.opsqa.pieriandx.com,44
ultron.genclis.com:8080,44
archer.nki.nl,44
59.79.232.31,44
report.genedenovo.com,44
grch37-cancer.dev.sanger.ac.uk,43
jbrowse.bios.co:1561,43
202.194.139.10,43
219.245.195.47,43
152.7.99.203,43
133.26.84.84,43
www.syntheticyeastresource.com,43
whiteflygenomicsb.feilab.net,43
bioxm-devel.beyondbio.com:8820,43
mbgapollo.babs.unsw.edu.au,43
192.168.100.9:8085,43
usegalaxy.org.au,43
43.240.96.108,43
sci-sgd-dev01:3000,43
172.28.1.172:1002,42
n4-189-16.icb.ufmg.br:8888,42
10.1.108.144,42
192.168.163.214:8080,42
10.22.58.97,42
lacerta.bioinf.uni-leipzig.de,42
206.12.100.107,42
10.22.58.71,42
atpbsmd.yokohama-cu.ac.jp,41
192.168.80.21,41
st131data.liv.ac.uk,41
ramularia.org,41
sefapps02.qut.edu.au,41
blade02,41
lamc5.umbr.cas.cz,41
brie.cshl.edu,41
lisina.cbmeg.unicamp.br,41
115.146.92.59:8080,41
192.168.1.197:8080,41
coffee-mccarthy.sgn.cornell.edu,41
192.168.86.129:8080,41
115.145.139.243:3000,41
10.200.131.25,40
www.biosino.org,40
172.16.106.110,40
nina,40
apollo-test.int.janelia.org:8888,40
mcgopsqa.opsqa.pieriandx.com,40
192.168.0.101,40
bioinfor.kib.ac.cn,40
xufeng.ngrok.xiaomiqiu.cn,40
localhost:13001,40
backend.clingon-mds.com,39
10.145.28.203,39
www.titinviewer.net,39
203.101.225.43,39
genomes.missouri.edu,39
bioxm-hotfix.beyondbio.com,39
knowpulse2.usask.ca,39
bioinfo.deinfo.uepg.br,39
134.34.113.85,39
172.25.13.234:8000,39
192.168.106.109,39
35.225.0.98:5000,39
bioinfo.uwindsor.ca,39
10.246.12.135,39
fernbase-webapollo.sgn.cornell.edu,38
www.xenmine.org,38
show.genebang.com,38
157.92.24.249:8083,38
test.linkdoc.com:9880,38
hpcdownloads.am.lilly.com,38
10.10.85.105,38
152.7.99.209,38
192.168.70.104,38
students.mimuw.edu.pl,38
10.2.38.19,38
jbrowse.eplant.org,38
192.168.1.107,38
www.sporothrixgenomedatabase.org,38
10.42.0.7:9091,37
152.7.99.204,37
schtest.pieriandx.com,37
192.168.224.24:8888,37
149.165.156.194:8085,37
10.1.10.180,37
192.168.2.91,37
192.168.10.185:8080,37
www-labs.iro.umontreal.ca,37
beta:3000,37
158.109.38.162,37
192.168.253.204,37
www.legumeinfo.org,36
jbrowse.deenabio.com,36
minervarna.com,36
nlfij-s3003.rz.rijkzwaan.net,36
plasmodium.biomax.de:8820,36
192.168.1.2,36
hentze2.embl.de,36
srvodeappadx01v.rsyd.net,36
192.168.56.3,36
10.114.17.228,36
34.243.177.38:10001,36
gn-bamview-test.s3-website-us-east-1.amazonaws.com,36
www.cgr.liv.ac.uk,35
10.0.0.20,35
101.201.238.130,35
192.168.20.65,35
sangenixcommunity.persistent.co.in:8443,35
192.168.139.128,35
testihpe,35
10.83.75.101,35
210.46.85.200,35
192.168.123.72,35
lyre.cin.ucsf.edu:8080,35
almacgroup.analysis.archerdx.com,35
203.101.226.161:8080,35
staph.unavarra.es:10443,35
10.3.128.19:8080,35
40.197.54.101,35
10.88.1.210,35
192.168.1.106:8094,35
192.168.56.10:7082,35
holmes,35
217.146.218.134,34
neutra.bzh.uni-heidelberg.de,34
192.168.0.7,34
uvatest.pieriandx.com,34
agr-apollo.berkeleybop.io,34
139.129.29.118,34
18.196.149.218:8080,34
ec2-54-84-237-123.compute-1.amazonaws.com:8080,34
www.plants.leeds.ac.uk,34
10.187.2.109,34
128.40.80.56:8080,34
dev-pags.annotation.jp,34
bioinformatics2.erc.monash.edu:8888,34
nekko.nibb.ac.jp,34
rs30012539.reg.skane.se,33
localhost:8884,33
retrogenedb.amu.edu.pl,33
demo.platomics.com,33
172.32.73.2:8080,33
gbrowse2017b.biology.gatech.edu,33
phytozome-staging.jgi.doe.gov,33
203.101.226.195:8080,33
203.101.226.198:8080,33
pieriandxprod.devqa.pieriandx.com,33
10.160.102.10:8888,33
47.93.251.89,33
tupaiabase.org,33
149.165.168.125,33
34.229.146.7:1337,33
pac-sm-gafl01,33
vm19002.virt.gwdg.de,33
www.bioinformatics.uni-muenster.de,33
138.37.58.86:8080,32
35.8.198.84,32
132.236.156.151,32
www.ipomoea-genome.org,32
101.132.32.59,32
newglarus.biomax.com,32
192.168.56.130,32
jbrowse.crop-diversity.org,32
134.192.156.78:8080,32
www.vetiverdb.com,32
ilmerill.erasmusmc.nl:9080,32
114.212.161.8:8080,32
cuhk.pieriandx.com,32
192.168.224.24:8889,32
secure.genomenext.com,32
10.21.1.16,32
192.168.31.197:8080,32
rgm01.nig.ac.jp:60020,32
www.ibinom.com,31
collembolomics.nl,31
bioinfo.vanderbilt.edu,31
bioinformatics.nl,31
www.schembrilab.com,31
localhost.thermofisher.com:8080,31
epigenomics.sdsc.edu:8080,31
dev.coolseasonfoodlegume.org,31
repeatexplorer.org,31
192.168.118.76:9181,31
10.10.10.130,31
ares.esacinc.com,31
smc.analysis.archerdx.com,31
jblastdemo.jbrowse.org:1337,31
gunpowder.ebi.ac.uk:9122,31
edgedf.lanl.gov,31
www.polebio.lrsv.ups-tlse.fr,31
plantpanjb.itps.ncku.edu.tw,31
www.dictybase.org,30
200.145.102.86:7000,30
proteogenomics.zhang-lab.org,30
mmodev,30
10.189.17.149:8000,30
blade04,30
archerv1,30
lrrr.dbi.udel.edu,30
cedarssinai.devqa.pdx.aws,30
117.25.155.112:8188,30
mgltest.pieriandx.com,30
mcgtest.pieriandx.com,30
157.136.94.36,30
rasalghul:1111,30
162.243.149.53:8080,30
jbrowse.ibmp.unistra.fr,30
server1.mohrkeg.co.at,30
ec2-13-57-232-31.us-west-1.compute.amazonaws.com,30
hkudisc.synology.me,29
192.168.79.128,29
jjwanglab.org,29
172.27.32.100,29
134.121.247.55,29
lindberg.muii.missouri.edu,29
115.146.92.74:8080,29
203.101.226.190:8080,29
34.226.234.96:8080,29
dveltri.com,29
wakeforesttest.pieriandx.com,29
archeranalysis-prod,29
apollo-degnan.qfab.org:8080,29
fahc.devqa.pieriandx.com,29
122.205.95.116:8080,29
10.65.102.23:8080,29
vc7hpc-241.hpc.wehi.edu.au:8080,29
pdc-dev.esacinc.com,29
depo.msu.ru:8088,28
lis-dev.usda.iastate.edu,28
morus.swu.edu.cn,28
animal.nwsuaf.edu.cn,28
140.113.207.99:32770,28
10.103.30.202:8080,28
192.168.208.74,28
naboo,28
plut.reefgenomics.org,28
10.217.67.127:3232,28
111.198.139.96:17436,28
142.3.188.121,28
133.28.110.100:8080,28
140.113.29.228:49080,28
www.lungmap.net,28
172.25.34.65:8000,28
vpgsb-jbrowse,28
192.168.218.128,28
galaxy.anses.fr,28
pathwestopsqa.opsqa.pieriandx.com,28
lvs-archer01,27
corallimorpharia.reefgenomics.org,27
edge-lugar:8000,27
tauber-data2.haifa.ac.il:3000,27
10.105.164.140,27
animalecology.labs.vu.nl,27
10.88.25.48,27
vollbrechtlab-dev.gdcb.iastate.edu,27
genomics.filefabriclabs.com,27
cedarssinai.devqa.pieriandx.com,27
133.28.110.118,27
localhost:3030,27
129.130.90.211,26
120.24.1.57,26
cgr.liv.ac.uk,26
192.168.12.24,26
jorvisvm-lx.igs.umaryland.edu,26
192.168.121.98,26
10.207.146.10,26
icugidev.feilab.net,26
dgr.dasmaninstitute.org,26
152.7.99.237,26
blade06,26
www.solgenomics.com,26
152.7.99.231,26
152.7.99.251,26
nvrigenome.nchc.org.tw,26
picea.plantphys.umu.se:10003,26
10.73.9.101:5000,26
web-pathapollodev-01.internal.sanger.ac.uk:8000,26
gbrowse.ircf.missouri.edu,26
pathwesttest.pieriandx.com,26
tank.css.msu.edu,26
10.30.10.134,26
pm.sysu.edu.cn,25
eco-blast1:8080,25
192.168.99.1:8081,25
ec2-54-89-238-1.compute-1.amazonaws.com,25
hliopsqa.opsqa.pieriandx.com,25
wanglab.info:8888,25
202.141.12.147:85,25
ec2-52-91-185-18.compute-1.amazonaws.com,25
biogate,25
hpcviz7.abudhabi.nyu.edu:5901,25
ec2-52-55-17-83.compute-1.amazonaws.com,25
openstack-192-168-100-98.genouest.org,25
ec2-54-236-53-184.compute-1.amazonaws.com:3838,25
nlfij-s2699.rz.rijkzwaan.net:1111,25
52.7.73.148,24
jbrowse111.tgac.ac.uk,24
csgenome.sggw.pl,24
bio-dev-jbrowse-01.dev.rd.rijkzwaan.net,24
172.16.106.79,24
129.114.104.202,24
vm-apweb-glent1-dev-1.be.bayercropscience,24
172.16.4.41,24
10.10.83.238:8000,24
192.168.224.24:9997,24
210.36.48.182,24
163.9.36.34,24
10.10.1.62:8888,24
52.198.117.44,24
www.iro.umontreal.ca,24
192.168.211.49,24
18.218.55.17,24
marine-meta.healthscience.sci.waseda.ac.jp,24
www.locustmine.org,24
114.115.204.237:81,24
137.207.24.132,24
10.21.1.75,24
tracks.kelleher.northwestern.edu,24
dev.cottongen.org,24
ec2-52-53-128-88.us-west-1.compute.amazonaws.com,24
rpbuvgalaxyd.ple.roche.com:8080,23
www.maizegametophyte.org,23
172.20.20.239:8080,23
hegemon.ucsd.edu,23
snplotyper.mcw.edu,23
172.18.30.130,23
balaur.cshl.edu,23
gwp103:27002,23
10.46.33.101:8443,23
ftp.mangobase.org,23
143.169.238.111,23
133.39.77.222,23
54.191.31.171,23
10.88.1.52,23
172.20.4.246,23
192.168.118.225:8080,22
jbrowse-dev,22
52.30.124.191,22
marinegenome.kr,22
localhost:9090,22
jbrowse.genedock.com,22
34.228.69.91:8080,22
mitibebm01.srv.med.uni-muenchen.de:8001,22
blade03,22
moffitt.devqa.pdx.aws,22
moffittopsqa.opsqa.pieriandx.com,22
192.168.0.107,22
lncrna.camdb.org:8082,22
jbrowse.merck.com:8081,22
52.206.58.152:8080,22
192.168.12.52:8000,22
54.236.50.179:1337,22
10.81.0.179,22
34.240.3.179:10001,22
jbrowse-ssl.solynta.com,22
gdkm.wikim.re.kr,22
10.100.155.231,22
172.30.0.105,22
ec2-13-59-174-150.us-east-2.compute.amazonaws.com,22
172.31.143.249:50070,22
127.0.0.1:5000,21
sina.lbl.gov,21
160.36.205.61:9090,21
101.200.190.143:8088,21
www.hymenopteragenome.org,21
solgenomics.com,21
besc-portal.ornl.gov,21
192.168.10.47:8080,21
bonobo.amu.edu.pl,21
chicken-repeats.inra.fr,21
compbio.korea.ac.kr,21
10.200.233.244,21
schdevqa.pdx.aws,21
61.245.243.140,21
192.168.0.100,21
localhost:85,21
rtpjbrowse.na.agrogroup.net,21
lungmap.net,21
srvubudhg001.uct.ac.za,21
gpsopsqa.opsqa.pieriandx.com,21
139.91.171.210:8080,21
webapollo.ittc.ku.edu,21
pgnarcheranalysis01,21
bioinfo-web.mpl.ird.fr,21
10.84.2.212,20
10.68.225.43,20
daudin.icmb.utexas.edu,20
139.165.112.30,20
bbcftools.epfl.ch,20
ws522988.dyn.uhbs.ch:9080,20
inovadev.pdx.aws,20
gigel:8080,20
101.132.136.69,20
192.168.218.201,20
bioinformatics.tecnoparco.org,20
www.phyzen-lab.com,20
akmu-ratnesh:85,20
treegenesdb.org,20
brie.cshl.edu:8085,20
10.161.7.52,20
yuncheng-nrc.ddns.net,20
jbrowsedev.com:8080,20
dev.rosaceae.org,20
149.165.168.222,20
localhost:8033,20
archer.patologija.mf,20
fisher.ncgr.org:50021,20
10.88.2.11,19
pegasus.cles.ex.ac.uk,19
zed.tacc.utexas.edu,19
10.1.99.225,19
coffee-genome.southgreen.fr,19
nveicre.solgenomics.net,19
bioserver1.sign.a-star.edu.sg:9944,19
192.168.1.247,19
192.168.123.68:81,19
77.235.253.122:8084,19
52.87.217.104:8080,19
133.28.110.70,19
192.168.99.1:10080,19
10.64.110.72,19
magicmaize.hzau.edu.cn,19
bf2i300.insa-lyon.fr,19
analysisdev.tch.harvard.edu,19
34.212.228.71:8080,19
192.168.10.65,19
norstar.usask.ca:8080,19
metazome-dev.jgi.doe.gov,19
192.168.1.105,19
northshoreopsqa.opsqa.pieriandx.com,19
192.168.99.100:8080,19
172.22.34.202:8009,19
217.66.201.117,19
pin.nzcorp.net,19
213.196.229.215:6143,19
erysimum.sgn.cornell.edu,19
localhost:8089,19
ehomd.org,19
10.4.0.17,19
analysis4.bxgenomics.com,19
dev.wormbase.org:9019,19
baleia.ufes.br:35600,19
perk2.local,19
58.49.113.134:92,19
192.168.1.100,18
47.52.30.237,18
10.10.89.10,18
sc1galaxyd.eth.rsshpc1.sc1.roche.com:8080,18
150.26.108.148,18
insilico.iari.res.in,18
10.10.41.226,18
192.168.0.34,18
gregorylab.bio.upenn.edu,18
localhost:8020,18
putmantime.github.io,18
ec2-54-89-6-227.compute-1.amazonaws.com,18
biomarker.cambridgene.com,18
birchgenome.org,18
bio.jsm.co.jp,18
lonzadev.bxgenomics.com,18
blade09,18
128.46.93.251,18
ec2-34-238-85-140.compute-1.amazonaws.com,18
10.209.76.18,18
0.0.0.0:3000,18
www.mmlnaturalrx.com,18
10.42.1.145,18
172.16.106.109,18
10.192.36.85:8080,18
jadb.gurdon.private.cam.ac.uk,18
www.omicshare.com,18
galaxy.ipk-gatersleben.de,18
ilmerill.erasmusmc.nl:9280,18
edged64d.lanl.gov,18
aardwolf.bio.indiana.edu:7082,18
jbrowse.niab.com,18
lims-hpc-m.latrobe.edu.au:36198,18
episyrphus.test.crg.eu,18
bcg.abrc.sinica.edu.tw,17
52.27.1.17,17
www.phyzen.com,17
opossumbase.org:8080,17
134.117.104.149,17
www.cbrc.kaust.edu.sa,17
ec2-52-4-236-89.compute-1.amazonaws.com,17
localhost:8083,17
ecls0592.eisai.local:28000,17
192.168.2.13,17
bldr-tst-analysis-11,17
bldr-tst-analysis-05,17
moffittopsqa.pdx.aws,17
104.224.151.124,17
152.7.99.241,17
192.168.1.67:9090,17
10.2.130.133,17
pdae.reefgenomics.org,17
analysis.preview6.temp.archerdx.com,17
34.244.191.112:10011,17
52.213.62.208:10001,17
192.168.160.130,17
192.168.1.35,17
10.55.104.222,17
172.16.43.9,17
ctchpcpe004.merck.com:444,17
archer01.biopticka.local,17
152.7.99.241:8080,17
192.168.56.220,17
10.1.7.27,17
130.85.169.215:8089,17
localhost:3001,17
faculty.cs.tamu.edu,16
beans.cars.desu.edu,16
dev.citrusgenomedb.org,16
megabat.nig.ac.jp,16
199.241.162.79,16
eschscholzia.kazusa.or.jp,16
10.51.232.93:8443,16
10.46.33.103:8443,16
ww.solgenomics.net,16
112.74.62.182:8082,16
www.cassavabase.org,16
jbrowse.oropetium.org,16
blade08,16
galaxy.uni-freiburg.de,16
blade07,16
wujing,16
www.licpathway.net,16
ngspipelines2.toulouse.inra.fr:9014,16
dev-y-preview.smestorage.com,16
202.38.153.98:8082,16
192.168.72.25,16
www.sogou.com,16
130.92.155.151:8083,16
52.215.32.64:10001,16
115.145.138.237:2525,16
cedarssinaitest.pieriandx.com,16
192.168.56.104,16
10.8.1.68:70,16
192.168.0.28:8080,16
edgedh.lanl.gov,16
localhost:8050,16
192.168.1.203,15
172.25.148.48,15
52.44.239.15,15
jbrowse.ncgas.indiana.edu,15
www.seadb.org,15
193.200.1.99,15
localhost:3232,15
143.106.42.42,15
ssb6.wurnet.nl:8080,15
jbrowse.vardetect.com,15
172.16.20.79,15
130.223.120.25:81,15
ssf-aqg-wsk03,15
analysis.qa.enz.local,15
152.7.99.226,15
rnamaps.unavarra.es,15
bartontools.dpb.carnegiescience.edu,15
archer.thecrick.test,15
cmdcolin.github.io,15
web-new.bioinformatics.ic.ac.uk,15
camel.hutton.ac.uk,15
5.51.0.103,15
192.168.248.128,15
34.244.191.112:10012,15
analysis.unlimited.enz.local,15
jbrowsev2.0.solynta.com,15
wheat.ngrok.tcsci.com:8080,15
10.0.0.138,15
147.99.156.182,15
172.20.20.242,15
localhost:8882,15
65.51.209.70,14
132.236.156.159,14
www.minervarna.com,14
10.201.158.202:88,14
cmb.bnu.edu.cn,14
192.168.72.23,14
localhost:8092,14
informatics.medimmune.com,14
10.0.2.38:8080,14
gbrowse2017a.biology.gatech.edu,14
localhost:10096,14
192.168.1.211:8000,14
134.192.156.42,14
karyns-imac.nrc.okstate.edu,14
schopsqa.pdx.aws,14
bioinfo.sibs.ac.cn,14
secure.genomenext.net,14
192.168.0.155,14
webserver.molgenrug.nl,14
wukong.wiserice.com.cn,14
192.168.1.1,14
dartmouthtest.pieriandx.com,14
157.92.24.142:8080,14
citrusgreening.org,14
www.yhc2.br,14
apollo.janelia.org:8888,14
198.211.107.37,14
18.196.12.123:8080,14
176.159.234.116:8080,14
ec2-54-210-37-68.compute-1.amazonaws.com,14
10.96.114.143:8301,14
192.168.1.67,14
aararcher01,14
195.221.242.249,14
10.163.243.14,14
localhost:8095,14
www.veeninglab.com,14
101.71.130.135:5000,14
blade01.platomics.com,13
192.168.20.71,13
headnode,13
122.205.95.122,13
bugbears.ncbs.res.in,13
steinmetzlab.embl.de,13
sjcbioweb01.driscolls.com,13
jbrowse.yeastgenome.org,13
angiosperm.org,13
www.wormbase.org.,13
browser.cgi.bch.uconn.edu,13
172.20.20.14:2226,13
labbioinfo.ufpel.edu.br,13
158.108.145.124,13
103.25.231.42,13
34083ca3.nat123.cc:49511,13
192.168.79.129,13
172.16.10.33:8888,13
thoba.sanbi.ac.za,13
hliopsqa.pdx.aws,13
192.168.200.102,13
192.168.1.10:8080,13
ec2-52-90-7-50.compute-1.amazonaws.com,13
192.168.200.101,13
ec2-52-90-74-242.compute-1.amazonaws.com,13
xinlianzhang.blog,13
ec2-54-91-115-195.compute-1.amazonaws.com,13
192.168.12.52,13
vavbpacr01,13
bioinformatics.sandia.gov,13
10.144.64.201,13
q2opsqa.opsqa.pieriandx.com,13
10.101.40.221:9292,13
34.244.24.39:10001,13
34.244.198.155:10009,13
34.243.139.77:10001,13
34.240.3.203:10001,13
bldr-tst-analysis-19,13
lotus.au.dk,13
192.168.10.42,13
192.168.3.164:8080,13
172.28.1.113:8083,13
192.168.56.251,13
172.20.20.233:8080,13
10.21.1.149,13
10.88.1.17,13
bias5-web.nibb.ac.jp:8113,13
mki93856-o7010.local:8080,13
159.203.111.227,13
10.229.97.26,13
10.41.1.11,13
jbrowse-qa.adpa3.local,12
192.168.56.128,12
192.168.12.24:8000,12
ilya.unm.edu,12
13.113.77.198,12
genomes.missouri.edu:8080,12
ced.medisapiens.com,12
172.20.20.238:8080,12
133.39.200.135,12
dog.medisapiens.com,12
198.46.242.36,12
10.47.117.93,12
10.0.2.34:8080,12
133.9.8.131,12
10.189.197.98:8000,12
172.16.180.128,12
www.marinegenome.kr,12
localhost:8094,12
vm.bxgenomics.com,12
gpsopsqa.pdx.aws,12
rcg-pseudom-app.is.sfu.ca,12
horizon.mat.unimi.it:8000,12
bioinfobk.feilab.net,12
192.168.8.100,12
118.26.69.216:8000,12
ec2-54-161-218-171.compute-1.amazonaws.com,12
gigaton.sigenae.org.,12
picea.plantphys.umu.se:17023,12
genomics.si.edu.s3-website-us-east-1.amazonaws.com,12
172.25.34.21,12
syntheticyeastresource.com,12
indianatest.pieriandx.com,12
192.168.1.212:8080,12
192.168.1.166,12
34.245.150.205:10001,12
10.71.115.210:8000,12
mir-81.morgridge.us,12
35.192.47.121:5000,12
192.168.160.131,12
132.248.220.211,12
142.135.89.97:8086,12
edgedg.lanl.gov,12
fe-01v2.int.agbiome.com,12
18.219.238.238,12
localhost:34580,12
10.49.47.217,12
18.222.127.33,12
10.10.168.222,12
lcs-yixiao.syr.edu,11
appdev.kbase.us,11
amor.cms.hu-berlin.de,11
192.168.138.94,11
algorithms.cnag.cat,11
archer5.ngslab,11
ssb6:8080,11
apollo-dev.nal.usda.gov:8080,11
galaxylab.mcmaster.ca,11
nblrrome.tuebingen.mpg.de:8080,11
joernspc.charite.de,11
134.176.27.174,11
192.168.1.125:8029,11
10.5.0.126,11
ceres.snu.ac.kr:9993,11
gwutest.pieriandx.com,11
webapollo-pre.vectorbase.org,11
200.144.244.219:8085,11
158.109.126.68:7000,11
10.122.65.40,11
172.16.2.2:52280,11
211.81.50.198,11
172.18.18.66,11
mglopsqa.opsqa.pieriandx.com,11
ebbextern:8443,11
localhost:8002,11
138.197.123.242,11
fahcopsqa.opsqa.pieriandx.com,11
103.18.1.187,11
140.116.56.178,11
localhost:4200,11
10.229.9.196,11
52.211.27.103:10001,11
fisher.ncgr.org:50005,11
200.131.37.155,11
10.192.36.102:8080,11
176.9.17.6,11
192.168.25.230:8089,11
192.168.0.12:8080,11
127.0.0.1:60,11
mcg.devqa.pieriandx.com,11
192.168.56.202,11
35.8.120.44:8080,11
10.246.58.216,11
218.6.173.102,11
13.55.146.46,11
192.168.1.200:8080,11
172.23.253.66:8080,11
r1masterl01,10
ava4.usav1svgend26.ambrygenetics.local,10
192.168.0.67:8085,10
localhost:10000,10
152.7.99.236,10
192.168.96.136,10
101.132.38.67,10
vbsg-ngyll2.vbsg.slu.se,10
10.189.158.230:8000,10
192.168.142.110,10
159.226.89.27,10
ngspipelines-sigenae.toulouse.inra.fr:9064,10
alphagenomixtest.pieriandx.com,10
s3.amazonaws.com,10
northshoreopsqa.pdx.aws,10
www98.lamp.le.ac.uk,10
142.135.90.155,10
virt0099.cnptia.embrapa.br:8080,10
uweb,10
10.1.108.157,10
192.168.200.109,10
10.10.70.77,10
spruce.plantphys.umu.se:8102,10
jbrowse.net,10
fahc.devqa.pdx.aws,10
35.188.151.76:5000,10
localhost:2000,10
182.61.35.2:8080,10
192.168.248.249:8080,10
dartmouthopsqa.opsqa.pieriandx.com,10
172.20.20.246,10
39.106.204.218:8080,10
schopsqa.opsqa.pieriandx.com,10
lipmcinfosc:32130,10
sonictest.pieriandx.com,10
bcaballi-curation.igs.umaryland.edu,10
172.27.32.58,10
192.168.173.17,10
10.114.17.118,10
59.79.232.31:8000,10
35.168.186.87:1337,10
34.250.114.22:10001,10
172.16.179.128,10
jserizay.site.preview.services,10
52.163.126.118:8001,10
www.leptonet.org.in,10
18.208.158.27:8080,10
40.114.75.201,10
vc7hpc-248.hpc.wehi.edu.au:8080,10
192.168.21.17,10
192.168.2.27,10
omicsbean.com:8066,10
0.0.0.0:5001,10
hardwoods.ag.utk.edu,10
13.59.174.150,10
172.20.20.250,10
vms004.plants.ox.ac.uk,10
ibs-bosiljkat-ux1:8787,9
jbrowse.gaul.genzentrum.lmu.de,9
10.199.99.101,9
lims-hpc-m.latrobe.edu.au:36002,9
14.139.32.56,9
localhost:8890,9
133.48.62.144:8001,9
sweetpotato-dev.plantbiology.msu.edu,9
ngspipelines-sigenae.toulouse.inra.fr,9
pfizercho.bxgenomics.com,9
129.24.145.197,9
gigaton.sigenae.org,9
nazgul,9
192.168.5.203,9
127.0.0.1:3232,9
bioinfo-mac-8.mpi-cbg.de,9
60.173.245.244:84,9
10.157.217.1,9
163.9.71.34,9
192.168.74.128,9
beta.burkholderia.com,9
dev.jbrowse.cirad.fr,9
ngspipelines-sigenae.toulouse.inra.fr:9066,9
dev.vaccinium.org,9
10.55.91.87:2015,9
localhost:2015,9
picea.plantphys.umu.se:17017,9
clevelandclinicopsqa.opsqa.pieriandx.com,9
ngspipelines.toulouse.inra.fr:9011,9
47.93.251.89:8080,9
localhost:9020,9
apollo-test:8888,9
192.168.211.81,9
172.20.20.232,9
192.168.171.129,9
155m33r172.imwork.net:12416,9
34.244.198.155:10001,9
schuster.cf,9
138.102.77.235,9
192.168.32.128:8080,9
192.168.100.61,9
152.46.16.189:8080,9
192.168.199.100:8090,9
ctchpcpe004.merck.com:81,9
192.168.160.132,9
urgi235:8080,9
130.85.169.215:8090,9
entbox.nih.go.jp,9
101.201.64.179:8500,9
210.73.41.122,9
ec2-35-171-182-228.compute-1.amazonaws.com:8002,9
cgp-7-1-16.internal.sanger.ac.uk:8099,9
180.208.58.19:1111,9
104.199.170.39,9
sc.reefgenomics.org,8
130.192.101.60,8
combattb.sanbi.ac.za:9090,8
public.dobzhanskycenter.ru,8
apple.nwafu.edu.cn,8
abrpi.genome.edu.au,8
hiro.cs.nmsu.edu:8083,8
ftp.sgn.cornell.edu,8
s-tx-codeqat1,8
hobo-nickel.getedge.org,8
localhost:9001,8
bldr-tst-analysis-12,8
10.71.115.27,8
syntheticyeastresource.cailab.org,8
127.0.0.1:7777,8
inb.bsc.es,8
129.93.135.187,8
localhost:8008,8
139.196.7.224:8080,8
localhost:7000,8
vardetect.com,8
14.139.252.118,8
depo.msu.ru,8
172.28.1.172:1339,8
bioinfo.nwsuaf.edu.cn,8
hubjbrowse.fafu.tk:8200,8
bnlvarcada.labcorp.com,8
smatest.pieriandx.com,8
sop1rna.inra.fr,8
localhost:8443,8
122.205.95.172,8
uva.devqa.pdx.aws,8
172.25.13.234,8
dna-marker.biocenter.helsinki.fi:8084,8
192.168.1.112,8
halcott.cshl.edu:8080,8
10.157.217.23,8
www.epigenome.cuhk.edu.hk,8
10.54.162.127,8
popfly.uab.es,8
127.0.0.1:8081,8
172.16.1.51:8012,8
172.16.119.129,8
genomes.anatomy.otago.ac.nz,8
paramecium.cgm.cnrs-gif.fr,8
218.9.199.12:9010,8
alphagenomix.devqa.pieriandx.com,8
10.229.96.96,8
leptonet.org.in,8
192.168.220.131,8
192.168.76.28:8080,8
213.21.76.114,8
www.tea.solgenomics.com,8
ec2-54-236-53-184.compute-1.amazonaws.com,8
192.168.1.12,8
10.75.122.123,8
www.plantseq.org,8
54.221.53.154,8
marimba-test,8
149.165.169.18,8
192.168.0.140:8080,8
192.168.11.112,8
test.davi.bioinformatics.bejo.com:9091,8
10.71.115.12,7
beta.plantdhs.org,7
128.146.132.84,7
192.168.100.20,7
solgenomics.sgn.cornell.edu,7
58.192.85.129,7
jbrowse.sviridis.org,7
157.92.24.131:8080,7
ashgenome.org,7
192.168.50.15:1338,7
192.168.1.88,7
192.168.199.166,7
blade04.local,7
101.200.190.143,7
141.244.130.71,7
neuroseq.janelia.org:8080,7
ec2-54-161-148-67.compute-1.amazonaws.com,7
10.83.75.35,7
forestrylab.org,7
10.96.116.78:8301,7
vm0082,7
10.42.0.5:8081,7
210.46.85.180:8080,7
oxy-genopsqa.pdx.aws,7
10.200.215.116,7
localhost:7777,7
192.168.0.70,7
jbrowse.genedock.com:8080,7
192.168.1.182,7
wujing.wiserice.com.cn,7
54.174.142.45,7
140.110.18.50,7
ec2-54-85-253-117.compute-1.amazonaws.com,7
boba.unbsj.ca,7
aurora1.lunarc.lu.se,7
10.88.1.56,7
lipm-browsers-b,7
picea.plantphys.umu.se:16006,7
172.16.106.167,7
fabienpichon.com,7
47.96.23.75:8080,7
210.34.81.124,7
aurora1:8080,7
10.5.3.95,7
10.100.0.67,7
syslab5.nchu.edu.tw,7
35.226.210.8:5000,7
172.22.34.202:9010,7
www.epiplant.hu-berlin.de,7
172.16.1.37,7
jb.vt.tuwien.ac.at,7
seabase,7
47.96.137.15,7
52.49.239.78:10001,7
192.168.200.106,7
hintonserv.bioscience.liv.ac.uk:8080,7
162.243.149.53:8889,7
192.168.218.129,7
10.30.10.225,7
192.168.100.252,7
149.165.157.42,7
40.197.54.164,7
pichiagenome.boku.ac.at,7
133.48.33.31:8000,7
jbrowseapp.azurewebsites.net,7
kkh.analysis.archerdx.com,7
benkirane-data.igh.cnrs.fr,7
ec2-54-198-8-234.compute-1.amazonaws.com:9003,7
nvme1.wurnet.nl,7
entbox.niid.go.jp,7
192.168.56.250,7
zm4db.genebang.com,7
green-l-bio.ethz.ch:8090,7
0.0.0.0:8000,7
ec2-13-55-146-46.ap-southeast-2.compute.amazonaws.com,7
localhost:8999,7
192.168.1.200,7
ec2-52-53-220-49.us-west-1.compute.amazonaws.com,7
vastholdings.us,7
172.24.5.180:8080,6
jbrowse.corp.zoetis.com:9080,6
acedb3:8080,6
genomes.chemie.uni-greifswald.de:8080,6
192.168.56.1:8081,6
thoba.sanbi.ac.za:9090,6
192.168.123.64,6
124.17.27.214,6
web3.genome.med.kyoto-u.ac.jp,6
michelle.lungmap.net,6
assest.maze.co.jp,6
10.146.211.123,6
211.69.140.138,6
panflam.korea.ac.kr,6
10.0.2.35:8080,6
bce.bioetanol.cnpem.br:8080,6
localhost:2226,6
192.168.92.128,6
genome.cbrc.jp,6
s9.sars.no,6
microbial.biomax.de:8820,6
localhost:9080,6
172.32.75.17,6
multiscalegenomics.bsc.es,6
ffun.reefgenomics.org,6
urgi146.versailles.inra.fr,6
gwuopsqa.pdx.aws,6
vc7hpc-076.hpc.wehi.edu.au:9443,6
catm.nibb.ac.jp,6
vert.biolab.si,6
59.79.232.56,6
172.22.220.21:6080,6
p53.hydra.mki.co.jp,6
localhost:9999,6
littledog.research.siu.edu,6
sch.devqa.pdx.aws,6
10.0.31.186,6
166.111.156.12,6
172.16.2.230,6
bio.info,6
kansakar-jbrowse.dev.its.iastate.edu,6
192.168.203.145:2015,6
149.165.168.236,6
10.10.87.36:8000,6
222.200.187.83,6
192.168.230.129,6
166.111.156.11,6
10.30.100.73:8060,6
cluster-dev.florimond-desprez.fr:8888,6
222.240.147.229:8012,6
18.196.138.112:8080,6
18.196.13.226:8080,6
192.168.180.128,6
172.31.6.151,6
203.101.225.8:8080,6
10.3.102.122,6
192.168.1.93:1111,6
138.102.144.67,6
192.168.106.123,6
localhost:9021,6
www.ehomd.org,6
localhost:15280,6
bioinfor.imu.edu.cn,6
172.20.20.234,6
87.78.173.168:6143,6
gunpowder:9122,6
ctchpcpe004.merck.com:7000,6
www.omicshare.cn,6
192.168.0.110,6
www.treeshrewdb.org,6
sjcbiobox.driscolls.com:83,6
agbiomedb,6
cuda,6
resdev.gene.com,6
localhost:8060,6
pecantoolbox.nmsu.edu,6
192.168.1.134,6
172.19.87.28,6
c03,6
jujube.nwafu.edu.cn,6
133.28.110.118:9090,6
133.28.110.118:8080,6
192.168.111.101,6
dev2.apps.thermofisher.com,6
archer5.fhcrc.org,5
192.168.56.101:8080,5
test.rgd.mcw.edu,5
10.96.8.160,5
proteinq.com.ar,5
192.168.12.4,5
10.253.21.99,5
miamidevqa.pdx.aws,5
menash.md.huji.ac.il,5
172.20.20.239,5
hc-vmpatharcher.healthcare.uiowa.edu,5
augnuga.pw.usda.gov,5
10.234.10.116,5
192.168.0.126:8080,5
127.1.1.1,5
dev.my.linkdoc.com:9991,5
10.0.2.33:8080,5
192.168.176.128,5
analysis.caris.archerdx.com,5
scps.scu.edu.au,5
127.0.0.1:666,5
pseudomonas.ca,5
blade02.platomics.com,5
jb2-dept-repairbrowser.cloudapps.unc.edu,5
crops.dow.com,5
mpc-jbrowse.phc.ruhr-uni-bochum.de,5
www.antgenomes.org,5
whiteflygenomics.feilab.net,5
nmtest.pieriandx.com,5
opendata.ifr.ac.uk,5
gfas.reefgenomics.org,5
galaxy.hpcagrogenomics.wur.nl,5
10.124.128.172,5
149.165.169.159,5
172.16.88.130,5
bfx.twistbioscience.com,5
47.93.61.163:8080,5
melonomics.net,5
10.192.36.17,5
35.166.148.109,5
10.75.119.195,5
gbrowse2015.biology.gatech.edu,5
35.225.203.39:5000,5
picea.plantphys.umu.se:9003,5
inova.devqa.pieriandx.com,5
192.168.200.105,5
nmopsqa.opsqa.pieriandx.com,5
fahctest.pieriandx.com,5
aurora-rviz01:8080,5
10.80.121.15,5
bioinfo,5
10.0.96.180,5
192.168.0.7:8888,5
192.168.99.51,5
192.168.178.43:8080,5
10.88.1.186,5
129.132.141.242,5
jb.net,5
ec2-54-91-160-233.compute-1.amazonaws.com,5
litchi.xialab.org:8080,5
192.168.1.111:8080,5
gasp.reefgenomics.org,5
aten.reefgenomics.org,5
wakagashira.mind.meiji.ac.jp,5
192.168.1.93:2222,5
35.198.211.204,5
192.168.1.124:2222,5
ec2-34-230-42-239.compute-1.amazonaws.com,5
ec2-54-174-89-252.compute-1.amazonaws.com,5
rasalghul:4444,5
cbs.pieriandx.com,5
vc7-gpu-017.hpc.wehi.edu.au:3000,5
mmb.pcb.ub.es,5
172.17.107.169,5
149.165.156.166,5
192.168.0.189,5
54.144.108.163,5
10.71.115.210:8802,5
gmod2.sb-roscoff.fr,5
ws522988.dyn.uhbs.ch:9180,5
www.erysimum.org,5
192.144.149.239,5
piton.eb.local,5
cr-svc-adx1,5
172.16.1.16,5
124.16.144.6,5
172.20.19.38,5
molevol.bio.ub.edu:8080,5
13.125.98.116,5
mcg.ustc.edu.cn,5
10.73.106.47,5
blade09.platomics.com,5
edged64h.lanl.gov,5
www.birchgenome.org,5
lange-bioinfo-s2600cp:8080,5
blade12,5
10.10.20.158,5
www.genedatabase.cn,5
130.85.169.215:8081,5
d1z2353u4vgwj0.cloudfront.net,5
northshore.devqa.pieriandx.com,5
www.cosmoss.org,5
tnibase.org,5
peanutgr2.fafu.edu.cn,5
ec2-54-165-182-184.compute-1.amazonaws.com:8080,5
0.0.0.0:5000,5
j3soft.ru:19980,4
nereis.univ-lille1.fr:9997,4
130.92.155.151:8085,4
genome-browser.indiana.edu,4
lfemjds.solgenomics.net,4
www4g.biotec.or.th,4
157.92.24.249,4
128.196.142.46,4
192.168.56.101,4
169.237.215.34,4
133.39.200.143,4
ncbs-dev-05.biotech.cdc.gov,4
scicomp-pc-1.mpi-cbg.de:8088,4
anise.dna.affrc.go.jp,4
pfizer.bxgenomics.com,4
192.168.1.109,4
10.0.2.36:8080,4
chula.vardetect.com,4
202.120.224.83:8081,4
10.189.17.89:8000,4
pennycress.umn.edu.,4
158.108.144.7,4
192.168.75.203:8080,4
10.16.16.170,4
sasdb.medgenome.com,4
124.207.226.177:8081,4
jbrowse.genereg.net,4
jasontdean.com,4
localhost:8501,4
q2test.pieriandx.com,4
186.35.111.38,4
genomics.dpuk.ukserp.ac.uk,4
10.30.1.114,4
sjlsd0012:8080,4
bsi.vardetect.com,4
10.233.1.124,4
cgrd.hzau.edu.cn,4
www.area4.mi.cnr.it,4
scps-web1,4
128.192.203.33,4
mockaitis.ncgas.indiana.edu,4
172.28.10.232,4
192.168.20.14:8081,4
54.197.201.167,4
192.168.187.129,4
smaopsqa.pdx.aws,4
www.xingene.net,4
159.149.2.201:8080,4
caus.reefgenomics.org,4
172.29.2.74:8080,4
172.16.103.124,4
10.250.124.248,4
igenomed4.stanford.edu:3838,4
140.113.111.81,4
halcott.cshl.edu,4
158.109.126.68,4
172.22.141.166,4
128.206.234.23,4
147.99.84.190,4
flims.fulgentgenetics.com:8443,4
192.168.12.5,4
10.209.76.17,4
10.225.66.152,4
192.168.32.129:8080,4
vm-genoweb.toulouse.inra.fr,4
fireflybase.org,4
210.46.85.174:8011,4
www-ens.iro.umontreal.ca,4
gps.test.pieriandx.com,4
10.120.9.16,4
phln.genome.edu.au,4
aurora-rviz02:8080,4
www.eplant.org,4
lvs-archer02,4
www.humanmine.org,4
ec2-52-87-172-210.compute-1.amazonaws.com,4
192.168.42.144:8080,4
18.196.12.123,4
192.191.192.157,4
172.24.105.32,4
urgi223,4
ec2-34-201-111-27.compute-1.amazonaws.com,4
10.216.60.223,4
150.26.30.25,4
149.165.156.94,4
clingen.demo.cloudseq.sg,4
ec2-34-230-81-79.compute-1.amazonaws.com,4
velona.lns.lu:81,4
sch.devqa.pieriandx.com,4
www.nemogenome.org,4
195.252.12.175,4
172.24.5.190,4
ec2-34-235-166-128.compute-1.amazonaws.com,4
bonn-oasis,4
34.243.129.128:10001,4
hackensack.devqa.pieriandx.com,4
172.20.8.19,4
210.27.94.129,4
192.168.70.76,4
bioinfo.life.hust.edu.cn,4
103.61.226.65,4
10.10.116.141:8081,4
grape1:9000,4
10.0.0.104,4
192.168.1.2:6677,4
192.168.99.100:1337,4
localhost:8333,4
10.200.131.72,4
qbview.url.cn,4
ngsnpl.private.bii:8080,4
10.9.5.14,4
homd.org,4
52.207.196.105,4
www.pepperpan.org:8012,4
158.108.145.118,4
172.18.44.175,4
129.93.136.200,4
130.85.169.215:8083,4
47.104.157.77,4
172.16.10.136,4
172.25.34.66,4
bias5-web.nibb.ac.jp:8115,4
18.191.159.191,4
devel.homd.org,4
isis,4
lims-hpc-m.latrobe.edu.au:37137,4
ecompressa.nig.ac.jp,3
blue.usbod.astrazeneca.net,3
genomics.dementiasplatform.uk,3
101.200.207.165:8080,3
jbrowse.ag.epa.gov,3
114.212.161.8:8088,3
10.14.90.105,3
seeders.iptime.org:6280,3
genexpdb.ou.edu,3
151.100.96.155,3
192.168.1.249:3003,3
biowebdev02.nhgri.nih.gov,3
devvirt89,3
genome.arizona.edu,3
217.64.47.60,3
178.62.34.69,3
192.168.88.240,3
cloud.gmod.org,3
demo.mac.linkdoc.com,3
10.34.34.252,3
localhost:10001,3
34.228.78.224:8080,3
10.130.10.124,3
34.229.177.52:8080,3
mimi.wi.mit.edu,3
mbmordr646278.agr.gc.ca,3
www.hpc-bioinformatics.cineca.it,3
popfly.uab.cat.,3
horsegram.kazusa.or.jp,3
hiro.cs.nmsu.edu:8082,3
www.fafu.tk,3
10.59.21.23,3
vm0022,3
usfit-scdocker1:8085,3
jbrowse.global.internal,3
42.184.0.119,3
aklppr31.pfr.co.nz.:9080,3
www.mosolygosession.hu,3
tbioinfopb1.pine-biotech.com:3000,3
192.168.211.200,3
phantomjscloud.com,3
gpi.westernsydney.edu.au,3
t.solgenomics.net,3
129.128.83.63,3
222.195.92.17,3
vbioimage-jbrowse.ibmp.unistra.fr,3
informatics,3
people.binf.ku.dk,3
129.194.59.160,3
www.yanlab.org,3
oxy-gentest.pieriandx.com,3
node2:8000,3
143.48.90.164:8080,3
alphagenomixopsqa.pdx.aws,3
157.92.24.156,3
conil.eb.local,3
plantpathology.ba.ars.usda.gov,3
test.coolseasonfoodlegume.org,3
192.168.200.104,3
bronco.swmed.edu,3
192.168.20.19:8002,3
10.10.87.36:5000,3
35.192.85.78:5000,3
203.101.228.69:8000,3
129.114.104.190,3
152.7.99.233,3
165.246.44.43,3
140.109.55.18,3
172.20.20.226,3
hli.devqa.pdx.aws,3
by0pkv.emea.agrogroup.net:8080,3
mglopsqa.pdx.aws,3
bioweb,3
54.255.234.227,3
guineafowl.tpddns.cn:8880,3
10.80.120.27,3
172.22.156.27,3
icugi.org,3
apple.nwsuaf.edu.cn,3
bcid.ca,3
10.73.10.175,3
dev.pseudomonas.com,3
adac02.nottingham.ac.uk,3
10.10.10.108:8000,3
localhost:84,3
gpstest.test.pieriandx.com,3
aurora1,3
angiosperms.org,3
wanglab.info:2469,3
nod6,3
urgi231:8080,3
147.8.193.36,3
54.202.126.213,3
10.1.0.2:8686,3
192.168.205.107:8080,3
ec2-34-228-199-173.compute-1.amazonaws.com,3
grape1:8080,3
122.219.128.25:281,3
tornado.bio1.rwth-aachen.de,3
gasser-research.vet.unimelb.edu.au,3
ngs.labgenomics.com:3004,3
10.0.1.30:8888,3
sjcbiobox.driscolls.com,3
192.168.1.129,3
184.72.219.192,3
station.dreamgenics.local,3
192.168.4.219:8080,3
rda-archer01.crii.org,3
192.168.1.167,3
34.242.148.92:10001,3
34.243.177.38:10002,3
121.192.164.188,3
34.245.215.143:10011,3
bbv-ea2106.sciences.univ-tours.fr,3
141.244.134.54,3
127.0.0.1:8082,3
133.39.116.55:8080,3
192.168.1.5:8080,3
192.168.0.106,3
orgn-prd-kd-5-1-3.enz.local,3
togo05.genes.nig.ac.jp,3
192.168.56.1:60,3
127.0.0.1:70,3
pgdxtest.pieriandx.com,3
192.168.56.253,3
daphniagenomes.org,3
mastomys.ucsf.edu:8080,3
10.187.2.80,3
10.0.0.183,3
wu2938.lab.databiology.io,3
galaxy-aust.genome.edu.au,3
www.ngs.vardetect.com,3
172.20.4.59:3001,3
tools.1001genomes.org,3
133.39.116.12:8080,3
localhost:8989,3
jbrowse.test.uc-pred.marathon.caas-nq.emea.roche.com:2770,3
sjcbiobox.driscolls.com:84,3
18.208.158.27,3
agbiomedb.int.agbiome.com,3
vm-apweb-glent1-dev-1.emea.agrogroup.net,3
192.168.122.56,3
bias4-login.nibb.ac.jp:8113,3
gds.genomics.cn:8889,3
210.46.85.171:8080,3
134.245.63.205,3
192.168.150.24,3
blade11,3
192.168.20.100,3
localhost:8881,3
132.206.29.92,3
solgenomics.net.,3
10.0.2.2:8082,3
clogmia.test.crg.eu,3
igv.sbamin.com:2015,3
www.nucmap.org,2
192.168.112.128,2
192.168.1.103,2
www.avogenomics.com,2
jbrowse.clingon-bio.com,2
129.206.53.229,2
ngspipelines-sigenae.toulouse.inra.fr:9065,2
andrews-mbp-3.atran.mssm.edu:55555,2
ivis-dev.corp.personalis.com:8010,2
192.168.0.62,2
10.0.0.12,2
research.gene.com,2
10.13.200.25,2
biowebdev01.nhgri.nih.gov,2
129.15.40.234:7997,2
92.222.82.29,2
mothra.ornl.gov,2
pddngs-dev-03.biotech.cdc.gov,2
bils-web.imbim.uu.se,2
am-wk07.ad.immunocore.com,2
jbrowse.newapp1.irainyday.com,2
133.39.200.146,2
192.168.1.166:8080,2
192.168.1.220:3026,2
10.107.225.179,2
demo.dev203.linkdoc.com,2
192.168.1.114:8071,2
129.24.145.104,2
demo.lungmap.net,2
drone-a.getedge.org,2
10.1.0.2:8085,2
www.jbrowse.renlab.org,2
10.0.2.44:8081,2
10.11.64.36:8443,2
zdglab.iimcb.gov.pl,2
localhost:8130,2
ngspipelines.toulouse.inra.fr:9018,2
104.198.231.164:5000,2
129.215.181.19,2
35.202.225.117:5000,2
localhost:28080,2
dgzblmr.solgenomics.net,2
gbrowse.bcid.ca,2
192.168.5.204,2
192.168.56.65:8080,2
www.chula.vardetect.com,2
galaxy.gpi.westernsydney.edu.au,2
siaminterlink.com,2
mel-hp-z800-workstation:3232,2
10.16.18.236,2
openstack-192-168-100-13.genouest.org,2
35.193.70.169:5000,2
mysite.com,2
lint78.pythonanywhere.com,2
192.168.56.160,2
35.8.152.211,2
localhost:8964,2
ngspipelines-sigenae.toulouse.inra.fr:9052,2
10.189.194.79:8000,2
chlamydomonas.iab.keio.ac.jp,2
10.111.172.123,2
192.168.11.128,2
192.100.2.240,2
trillian,2
vc7hpc-076.hpc.wehi.edu.au,2
mcgopsqa.pdx.aws,2
54.197.201.167:8080,2
fahcdevqa.pdx.aws,2
54.224.83.239:8080,2
192.168.200.107,2
35.184.178.44:5000,2
ngspipelines2.toulouse.inra.fr:9017,2
141.244.134.225:11000,2
192.168.5.203:8080,2
192.168.13.52,2
192.168.1.203:8080,2
128.223.23.216:8000,2
192.168.122.158,2
jbrowsedev.com,2
smdweb.yokohama-cu.ac.jp,2
stage29.amyris.local,2
161.200.107.76,2
172.25.13.234:8888,2
balaur:8347,2
cerrtranscript.umcs.pl,2
10.8.11.114,2
140.110.17.251,2
129.114.104.123,2
10.3.89.8,2
w05-04.dna.affrc.go.jp,2
bugs.sgul.ac.uk,2
hackensack.devqa.pdx.aws,2
bioinf.nniiem.ru,2
moffittdev.pdx.aws,2
10.200.37.235,2
hackensacktest.pieriandx.com,2
123.206.212.68,2
127.0.0.1:8881,2
192.168.2.123,2
gap.shengxin.ren,2
40.163.4.192,2
10.5.126.187,2
rapso-dev-is.genouest.org,2
192.168.10.69,2
172.16.10.33,2
192.168.31.190,2
bldr-tst-assay-05,2
wakeforestopsqa.opsqa.pieriandx.com,2
52.34.233.229,2
10.10.2.62,2
173.44.42.232,2
gewusci.com,2
158.109.126.93:9002,2
www.cpib.ac.uk,2
dev.wormbase.org:9003,2
192.168.1.142:8080,2
eplant.org,2
192.168.1.52,2
localhost:8800,2
localhost:8877,2
urgi148:8082,2
www.bing.com,2
ngs.labgenomics.com:3002,2
18.196.13.226,2
210.36.22.8,2
peardb.tabomics.cn,2
biotldr.tabomics.cn,2
192.168.178.43:8081,2
localhost:8850,2
bf2i300.insa-lyon.fr:7080,2
www.maizeinflorescence.org,2
10.70.251.155,2
web.archive.org,2
elegans.local,2
ec2-54-172-189-199.compute-1.amazonaws.com,2
rda-archer01,2
192.168.56.160:8080,2
ec2-54-84-237-123.compute-1.amazonaws.com,2
utmplmmdlarch2,2
ec2-34-201-39-192.compute-1.amazonaws.com,2
vitis.szie.hu,2
10.0.6.30,2
bovinegenome.org:8080,2
192.10.5.100:8080,2
ec2-54-215-214-150.us-west-1.compute.amazonaws.com,2
149.165.156.156,2
172.25.34.65:8001,2
149.165.156.15,2
compbio.korea.ac.kr:8080,2
aventustest.pieriandx.com,2
ec2-54-243-14-143.compute-1.amazonaws.com,2
192.168.1.124:1111,2
129.114.104.88:56512,2
172.16.6.156,2
ec2-52-91-239-133.compute-1.amazonaws.com,2
erysimum.org,2
ec2-34-227-60-100.compute-1.amazonaws.com,2
192.168.0.111,2
192.168.200.242,2
meta.uoregon.edu,2
10.187.2.84:9090,2
172.16.0.173:9090,2
149.165.157.146,2
149.165.157.10,2
bioinfor.jios.org,2
61.50.130.61,2
exon.gatech.edu,2
results.genoma4u.com,2
10.144.16.13,2
www.xiaomaizu.org,2
www.deepbiology.cn,2
seracare.analysis.archerdx.com,2
openstack-192-168-100-137.genouest.org,2
192.168.0.32,2
lonza.bxgenomics.com,2
yambase-test.sgn.cornell.edu,2
192.168.56.226,2
www.rnanut.net,2
192.168.160.134,2
52.206.58.152,2
floridahospitalopsqa.opsqa.pieriandx.com,2
lange-bioinfo-s2600cp:9090,2
alpha.bioinf.uni-sb.de,2
archer.klinika-golnik.si,2
10.176.253.86,2
localhost:10007,2
59.61.55.172,2
edge-bioinformatics-test.org,2
www.edgebioinformatics.org,2
ss4.lungmap.net,2
130.85.169.215:8095,2
wapollo.bioscience.liv.ac.uk,2
138.102.144.82,2
galaxy-ctb.sanbi.ac.za,2
viennalabs.platomics.com,2
localhost:8010,2
genlab7:8080,2
120.78.165.50,2
stiberhad.asuscomm.com,2
35.239.58.220:5000,2
imics.boku.ac.at:9000,2
82.49.107.115,2
www.cassbase.org,2
ec2-52-53-218-6.us-west-1.compute.amazonaws.com,2
tank.css.msu.edu.,2
www.tnibase.org,2
87.79.128.10:6143,2
172.16.0.12,2
ec2-52-90-32-204.compute-1.amazonaws.com,2
lims-hpc-m.latrobe.edu.au:36137,2
10.1.7.26,2
helix.ewi.tudelft.nl,2
edge.namru2.org.kh,2
sporothrixgenomedatabase.unime.it,2
192.168.9.129,1
172.16.2.203,1
10.254.253.2,1
192.168.101.128:8080,1
alfalfatoolbox.org,1
192.168.1.220:3023,1
localhost:8384,1
www.omicsbean.com:8088,1
34.227.0.63,1
wu98.lab.databiology.io,1
geno.sytes.net,1
marxianus.labkm.net,1
139.159.213.103:8888,1
seabird.igs.umaryland.edu,1
wu6208.test.databiology.io,1
ccr.dna.uvic.ca,1
wu215.lab.databiology.io,1
helixdash.sema4genomics.com,1
128.196.142.55,1
scicomp-pc-1-1:8088,1
10.83.75.46,1
128.196.64.129:8080,1
tuba.seq,1
192.168.1.7,1
jbrowse-dev.yeastgenome.org,1
www.angiosperms.org,1
172.16.20.239,1
172.17.10.22,1
172.20.20.238,1
capsella.org,1
prlog.ru,1
bioxm-sandbox.beyondbio.com,1
ec2-52-37-75-229.us-west-2.compute.amazonaws.com,1
paoyang.ipmb.sinica.edu.tw,1
trac.wi.mit.edu,1
xenbase-bio2.ucalgary.ca:8080,1
localhost.localdomain,1
172.20.20.237:8080,1
www.google.com,1
plantsmallrnagenes.science.psu.edu.,1
172.20.20.13:2224,1
rmbreeding.net,1
biowebdev04.nhgri.nih.gov,1
106.14.123.14,1
localhost:8282,1
test.sb-roscoff.fr,1
192.168.235.128,1
147.8.195.43,1
rootsindrought.missouri.edu:8083,1
srv-rz-vm-1.ethz.ch,1
52.29.11.240,1
35.158.234.107,1
192.168.1.104,1
megraw.cgrb.oregonstate.edu,1
130.37.53.19,1
archerdx-test.bioinf.unc.edu,1
eco-thomas1:8080,1
localhost:1234,1
192.168.158.129,1
10.142.193.76,1
199.133.225.11,1
localhost:8129,1
127.0.0.1:8129,1
dh135.hitchcock.org,1
browser.ryantaylor.net,1
104.197.81.146:5000,1
10.9.5.107,1
www.cazymodo.org,1
134.192.156.48,1
192.168.99.100:32768,1
localhost:666,1
www.ab.wur.nl,1
172.20.20.242:8080,1
allbt.iptime.org,1
mml.siaminterlink.com,1
192.168.225.144,1
192.168.1.114,1
wu6471.test.databiology.io,1
localhost.jax.org:8080,1
genomedb,1
210.27.94.249,1
ojywwyp.solgenomics.net,1
172.29.2.98,1
agr-apollo.berkeleybop.io:8080,1
endmecfs.stanford.edu,1
bioinfo.bas.roche.com:8080,1
efishgenomics.integrativebiology.msu.edu:8080,1
141.244.133.166,1
jbrowse.app,1
web1,1
www.fabienpichon.com,1
myosotis,1
192.168.31.19:8081,1
172.20.20.229:8080,1
db-dev.jpostdb.org,1
104.197.32.225:5000,1
59.79.232.182,1
172.20.20.231:8080,1
172.20.20.231,1
192.168.20.63,1
jbrowser.vardetect.com,1
172.16.119.128,1
fahcopsqa.pdx.aws,1
testnm.ybzhao.com,1
172.31.20.75,1
192.168.1.106:8880,1
142.58.116.5:27888,1
ngspipelines-sigenae.toulouse.inra.fr:9068,1
ngspipelines-sigenae.toulouse.inra.fr:9061,1
ukapdlnx115.ukapd.astrazeneca.net,1
202.115.44.239:8080,1
203.101.224.189,1
local-platomics,1
54.198.128.220,1
54.198.128.220:8080,1
localhost:8001,1
212.47.229.192,1
10.88.5.66,1
codeqat.carisls.com,1
52.91.18.26,1
137.187.60.153,1
172.22.220.21:6634,1
data.immunocore.com,1
172.18.0.183,1
172.16.232.1,1
172.16.54.4,1
www.jbrowse.org,1
34.233.73.242,1
10.46.169.69:8080,1
54.85.128.72,1
orangie.wi.mit.edu,1
172.22.55.10,1
cr10-cosmic.sandbox.sanger.ac.uk,1
xodjudj.solgenomics.net,1
apollo-stage.nal.usda.gov:8080,1
floridahospitaltest.pieriandx.com,1
www.kidsgenome.cn,1
enterobase.warwick.ac.uk,1
cnkbap2.snu.ac.kr:7779,1
172.20.4.240:8080,1
127.0.0.1:8200,1
172.16.202.2,1
172.16.64.129,1
35.193.167.33:5000,1
35.202.193.120:5000,1
www.xwensoft.com,1
10.144.64.217,1
171.65.188.9,1
192.168.59.128,1
134.245.171.51,1
96.64.189.242,1
localhost:2002,1
acdstagging.org,1
mamaps.unavarra.es,1
ffgc,1
wwwdev.ebi.ac.uk,1
sgenome,1
genomesdev.stowers.org:8080,1
192.168.2.132,1
ffgcjbrowse.wi.mit.edu,1
192.168.100.65,1
www.ftp.solgenomics.net,1
59.79.248.103,1
54.162.111.32,1
dartmouth.devqa.pdx.aws,1
cuhk.devqa.pdx.aws,1
weatherby.genetics.utah.edu:8080,1
193.0.109.44,1
35.188.168.112:5000,1
192.168.1.118,1
dartmouthopsqa.pdx.aws,1
52.54.120.19:1337,1
138.4.136.31,1
127.0.0.1:2015,1
54.255.249.58,1
annotation-devel.scilifelab.se:8080,1
aura.science.unitn.it.,1
rcwebapps1.dfci.harvard.edu,1
localhost:82,1
genoweb,1
47.92.145.112,1
psvfw.nottingham.ac.uk,1
titinviewer.net,1
192.168.50.205,1
118.126.114.209:2048,1
192.168.1.238:8080,1
219.245.195.38,1
210.72.92.144,1
10.229.101.86,1
gon.hsshy.cn:8080,1
192.168.1.249:8081,1
172.22.220.21,1
d2nk4ixaqtp9vq.cloudfront.net,1
192.168.31.128,1
10.88.1.138,1
fgcz-r-039.uzh.ch,1
aventusopsqa.opsqa.pieriandx.com,1
oxy-genopsqa.opsqa.pieriandx.com,1
lambda.pw.usda.gov,1
bioserv.nibb.ac.jp:8113,1
soybase.org,1
10.30.100.73,1
www.bioinf.uni-leipzig.de,1
int-cowpea.org:82,1
192.168.143.110:81,1
10.10.87.36:1345,1
10.10.87.36:1234,1
vmdmz62.int.janelia.org:8888,1
172.20.20.13:2226,1
10.1.7.47,1
10.10.87.36:2468,1
10.10.87.36:2469,1
planarian.sakura.ne.jp,1
www.picme.at,1
142.150.214.76,1
10.192.36.1:8080,1
urgi148,1
35.225.207.81:5000,1
59.79.232.77,1
141.244.134.147:8000,1
richardslab.ex.ac.uk,1
tcsci.com,1
192.168.122.240,1
tabomics.cn,1
www.homd.org.,1
35.168.21.81,1
10.14.8.5,1
xylemsap.dbs.umt.edu,1
webapollo.bioinformatics.csiro.au:8080,1
pseudo.brinkman.mbb.sfu.ca,1
pombase-dev-oliver1.bioinformatics.nz,1
sequenceserver.wi.mit.edu,1
192.168.1.142:8081,1
ngspipelines-sigenae.toulouse.inra.fr:9001,1
192.168.101.123:8080,1
www.genehome.com:8080,1
fullstack.bx.psu.edu,1
localhost:8288,1
localhost:8300,1
www.genomebrowser.uams.edu,1
10.84.2.154,1
www.google.es,1
192.168.1.111:8888,1
changhui.thermofisher.com,1
reefgenomics.org,1
158.108.145.122,1
ec2-18-144-36-155.us-west-1.compute.amazonaws.com,1
10.127.71.179,1
ec2-18-144-47-76.us-west-1.compute.amazonaws.com,1
103.240.168.154,1
10.2.40.167,1
velona.lns.lu,1
10.10.87.36:8888,1
10.225.140.212,1
149.165.156.91,1
alphagenomixopsqa.opsqa.pieriandx.com,1
chara.asrc.kanazawa-u.ac.jp,1
172.30.14.105,1
loki:8080,1
192.168.130.205,1
pgdxopsqa.opsqa.pieriandx.com,1
nextmoleculartest.pieriandx.com,1
52.50.47.222:10001,1
192.168.72.219,1
34.241.112.60:10001,1
34.245.213.140:10001,1
34.201.128.148,1
hungria.imd.ufrn.br,1
192.168.7.107,1
ves-oy-66:8032,1
192.168.1.67:3000,1
192.168.253.207,1
slack.com,1
nextmolecularopsqa.opsqa.pieriandx.com,1
www.pseudomonas.ca,1
172.16.0.131:8080,1
www.jserizay.site.preview.services,1
89.1.171.48:6143,1
ec2-34-227-7-53.compute-1.amazonaws.com,1
scbb.ihbt.res.in:8083,1
prashanti.pieriandx.com,1
192.168.1.41,1
129.114.104.239,1
172.16.43.5,1
192.168.211.223,1
vkrishnalt-osx,1
132.236.81.76,1
172.28.1.113:8010,1
localhost:88,1
172.20.4.42,1
10.11.28.101:50070,1
192.168.32.128:2015,1
172.16.6.136,1
stage.sanbi.ac.za,1
172.16.106.32,1
192.168.134.131,1
123.1.189.153:8080,1
132.76.113.115,1
211.67.31.242,1
10.187.2.96:9090,1
10.187.2.96,1
bstore.sb.research.phibred.com,1
markerbase.labkm.net,1
www.pseudomonas.com.,1
10.187.2.104,1
192.168.64.224,1
10.187.2.109:9090,1
oryzasnp.org,1
0.0.0.0:9001,1
130.92.155.151:8090,1
clotho,1
172.31.46.14,1
192.168.1.113,1
128.196.142.2:32768,1
opal.biology.gatech.edu,1
marinegenomics.unit.oist.jp,1
638260.ichengyun.net,1
192.168.200.108,1
drupal7-tripal3-laceysanderson.c9users.io,1
172.20.4.246:8080,1
www.vardetect.com,1
localhost:32776,1
127.0.0.1:38939,1
uvaopsqa.opsqa.pieriandx.com,1
uva.devqa.pieriandx.com,1
172.20.4.59:3000,1
localhost:7788,1
www.omicsbean.com:8066,1
54.147.135.143,1
50.17.240.201,1
10.96.96.77,1
13.125.25.142,1
mtb.wadsworth.org,1
dev68.amyris.local,1
192.168.33.10:3000,1
ngspipelines.toulouse.inra.fr:9012,1
165.194.20.44,1
10.1.7.50,1
172.16.0.81,1
jbrowse-test.jcvi.org,1
10.60.65.6,1
10.163.242.36,1
52.207.196.105:8080,1
172.16.100.43,1
172.20.20.248:8080,1
localhost:11180,1
dev.plabipd.de,1
18.206.216.252,1
vc7hpc-241.hpc.wehi.edu.au:3000,1
sjcbiobox.driscolls.com:85,1
141.244.131.69,1
192.168.200.112,1
olinfres.nig.ac.jp,1
kinkaku,1
www.biotrainee.com,1
129.114.16.121,1
147.99.34.11:8080,1
192.168.88.224,1
l-lmho-a01.vwdv.uk-koeln.de,1
192.168.200.111,1
localhost:64237,1
bldr-tst-analysis-27,1
10.21.1.133,1
ec2-54-85-171-219.compute-1.amazonaws.com:8080,1
ec2-18-205-115-77.compute-1.amazonaws.com:8080,1
54.165.240.154,1
archerdx1.sc1.roche.com,1
www.google.fr,1
cucurbitgenomics.feilab.net,1
172.21.7.71,1
localhost:8040,1
localhost:8049,1
localhost:8048,1
10.144.40.205,1
192.168.0.143,1
3,1
sporothrixgenomedatabase.org,1
nlfij-s2699.rz.rijkzwaan.net:8000,1
nlfij-s2699.rz.rijkzwaan.net:8882,1
52.83.146.109:8081,1
192.168.0.19,1
180.208.58.29,1
phyzen-lab.com,1
fbdqltd.solgenomics.net,1
172.25.41.102,1
mimi,1
172.20.20.249,1
192.168.56.18:3000,1
candidagenome.org.,1
localhost:1111,1
cherry-vm61.stanford.edu,1
172.16.93.128,1
ec2-54-166-63-255.compute-1.amazonaws.com:8080,1
molevol.bio.ub.edu:8443,1
patch.coolseasonfoodlegume.org,1
ctbstage.sanbi.ac.za:9090,1
202.194.131.195,1
119.78.67.240,1
192.168.0.99,1
genomeexplorations.pieriandx.com,1
relu.sbamin.com,1
34.255.74.69:10001,1
www.yambase.org,1
123.207.82.112,1
eco-blast2:8080,1
